Epitope ID,Sequence,Mapped Start Position,Mapped End Position,Identity,Subjects Tested,Subjects Responded,Assays Positive,Assays Negative,Response Freq.,Lower Bound of 95% CI,Upper Bound of 95% CI
41504,MFIFLLFLTLTSGSDLD,1,17,100%,42,8,1,0,0.19,0.10,0.31
41503,MFIFLLFLTLTSGSD,1,15,100%,3,0,0,1,0.00,0.00,0.61
1309878,MFIFLLFLTLTSGSDLDR,1,18,100%,1,0,0,1,0.00,0.00,0.94
16194,FIFLLFLTL,2,10,100%,1,0,0,1,0.00,0.00,0.94
1071428,MFVFLVLLPLVSSQC,5,19,6.67%,1,0,0,1,0.00,0.00,0.94
1087636,MFVFLVLLPLVSSQCVNL,5,22,5.56%,20,0,0,1,0.00,0.00,0.13
532692,LFLTLTSGSDLDRCT,6,20,100%,3,0,0,1,0.00,0.00,0.61
65110,TLTSGSDLDRCTTFDDV,9,25,100%,43,17,1,1,0.40,0.27,0.53
66229,TSGSDLDRCTTFDDV,11,25,100%,48,0,0,2,0.00,0.00,0.06
1071273,LLPLVSSQCVNLTTR,11,25,6.67%,1,0,0,1,0.00,0.00,0.94
1087684,PLVSSQCVNLTTRTQLPP,13,30,5.56%,20,0,0,1,0.00,0.00,0.13
532676,LDRCTTFDDVQAPNY,16,30,100%,3,0,0,1,0.00,0.00,0.61
1309845,LDRCTTFDDVQAPNYTQH,16,33,100%,1,0,0,1,0.00,0.00,0.94
9956,DRCTTFDDVQAPNYTQH,17,33,100%,42,27,1,0,0.64,0.50,0.76
7217,CTTFDDVQAPNYTQHTSSMRGVYYPDEIFR,19,48,100%,42,12,1,0,0.29,0.17,0.41
7216,CTTFDDVQAPNYTQHTSSMR,19,38,100%,1,1,1,0,1.00,0.04,1.00
7215,CTTFDDVQAPNYTQHTSS,19,36,100%,1,0,0,1,0.00,0.00,0.94
63617,TFDDVQAPNYTQHTS,21,35,100%,48,0,0,2,0.00,0.00,0.06
1087385,NLTTRTQL,21,28,0%,36,1,1,0,0.03,0.00,0.12
1087661,NLTTRTQLPPAYTNSFTR,21,38,11.11%,20,0,0,1,0.00,0.00,0.13
10703,DVQAPNYTQHTSSMRGVYYP,24,43,100%,1,0,0,1,0.00,0.00,0.94
10702,DVQAPNYTQHTSSMRG,24,39,100%,1,0,0,1,0.00,0.00,0.94
1309687,DVQAPNYTQHTSSMRGVY,24,41,100%,1,0,0,1,0.00,0.00,0.94
70527,VQAPNYTQHTSSMRGVY,25,41,100%,42,24,1,0,0.57,0.43,0.70
533321,QAPNYTQHTSSMRGV,26,40,100%,3,0,0,1,0.00,0.00,0.61
1074980,LPPAYTNSF,28,36,11.11%,36,1,1,0,0.03,0.00,0.12
1071788,PPAYTNSFTRGVYYP,29,43,46.67%,1,0,0,1,0.00,0.00,0.94
1087685,PPAYTNSFTRGVYYPDKV,29,46,44.44%,20,0,0,1,0.00,0.00,0.13
65869,TQHTSSMRGVYYPDE,31,45,100%,48,0,0,2,0.00,0.00,0.06
1309928,QHTSSMRGVYYPDEIFR,32,48,100%,1,0,0,1,0.00,0.00,0.94
24978,HTSSMRGVYYPDEIFRS,33,49,100%,42,25,1,0,0.60,0.46,0.72
66439,TSSMRGVYYPDEIFRSDTLYL,34,54,100%,1,0,0,1,0.00,0.00,0.94
1072624,SFTRGVYYPDKVFRS,35,49,73.33%,1,0,0,1,0.00,0.00,0.94
533777,SMRGVYYPDEIFRSD,36,50,100%,3,0,0,1,0.00,0.00,0.61
1087758,TRGVYYPDKVFRSSVLHS,37,54,61.11%,20,0,0,1,0.00,0.00,0.13
1309766,GVYYPDEIFRSDTLYL,39,54,100%,1,0,0,1,0.00,0.00,0.94
72205,VYYPDEIFRSDTLYLTQD,40,57,100%,42,21,1,0,0.50,0.36,0.63
1075113,VYYPDKVFRSSVLH,40,53,64.29%,36,14,1,0,0.39,0.25,0.53
76560,YYPDEIFRSDTLYLT,41,55,100%,48,0,0,2,0.00,0.00,0.06
1074296,YYPDKVFRSSVLHST,41,55,60%,1,0,0,1,0.00,0.00,0.94
99995,EIFRSDTLYLTQDLFLPF,45,62,100%,2,1,1,1,0.50,0.02,0.97
1087601,KVFRSSVLHSTQDLFLPF,45,62,66.67%,20,0,0,1,0.00,0.00,0.13
532196,IFRSDTLYLTQDLFL,46,60,100%,3,0,0,1,0.00,0.00,0.61
17644,FRSDTLYLTQDLFLPFY,47,63,100%,42,18,1,0,0.43,0.30,0.56
65159,TLYLTQDLFLPFYSN,51,65,100%,48,0,0,2,0.00,0.00,0.06
74945,YLTQDL,53,58,100%,4,2,1,0,0.50,0.10,0.89
100665,YLTQDLFLPFYSNVTGFH,53,70,100%,2,2,2,0,1.00,0.22,1.00
1087546,HSTQDLFLPFFSNVTWFH,53,70,77.78%,20,0,0,1,0.00,0.00,0.13
1075065,STQDLFLPFF,54,63,80%,36,12,1,0,0.33,0.20,0.48
65832,TQDLFLPFYSNVTGFHT,55,71,100%,42,13,1,0,0.31,0.19,0.44
533327,QDLFLPFYSNVTGFH,56,70,100%,3,0,0,1,0.00,0.00,0.61
1074888,FLPFFSNVTWFHAI,59,72,78.57%,36,19,1,0,0.53,0.38,0.67
47600,PFYSNVTGFHTINHT,61,75,100%,48,0,0,2,0.00,0.00,0.06
1087674,PFFSNVTWFHAIHVSGTN,61,73,50%,20,0,0,1,0.00,0.00,0.13
1309915,PFYSNVTGFHTINHTF,61,76,100%,1,0,0,1,0.00,0.00,0.94
75843,YSNVTGFHT,63,71,100%,42,13,1,0,0.31,0.19,0.44
534440,VTGFHTINHTFGNPV,66,80,100%,3,0,0,1,0.00,0.00,0.61
63819,TGFHTINHTFGNPVIPFKDGIYF,67,89,100%,32,0,0,2,0.00,0.00,0.09
100553,TGFHTINHTFGNPVIPFK,67,84,100%,2,1,1,1,0.50,0.02,0.97
1087510,FHAIHVSGTNGTKRFDNP,69,79,33.33%,20,0,0,1,0.00,0.00,0.13
24923,HTINHTFGNPVIPFKDG,70,86,100%,42,3,1,0,0.07,0.02,0.17
534055,TINHTFGNPVIPFKD,71,85,100%,3,0,0,1,0.00,0.00,0.61
1087746,TNGTKRFDNPVLPFNDGV,74,87,44.44%,20,0,0,1,0.00,0.00,0.13
1087399,RFDNPVLPF,75,83,66.67%,18,4,1,0,0.22,0.08,0.43
1309976,TFGNPVIPFKDGIYFAA,75,91,100%,1,1,1,0,1.00,0.04,1.00
531688,FGNPVIPFKDGIYFA,76,90,100%,3,0,0,1,0.00,0.00,0.61
45506,NPVIPFKDGIYFAATEK,78,94,100%,42,4,1,0,0.10,0.03,0.20
1087666,NPVLPFNDGVYFASTEKS,78,95,77.78%,20,0,0,1,0.00,0.00,0.13
1075093,VLPFNDGVYFASTEK,80,94,73.33%,36,8,1,0,0.22,0.11,0.36
532258,IPFKDGIYFAATEKS,81,95,100%,3,0,0,1,0.00,0.00,0.61
1309914,PFKDGIYFAATEKSNVVR,82,99,100%,1,0,0,1,0.00,0.00,0.94
16351,FKDGIYFAA,83,91,100%,1,0,0,1,0.00,0.00,0.94
30154,KDGIYFAATEKSNVVRGWVFGSTMN,84,108,100%,32,0,0,2,0.00,0.00,0.09
8413,DGIYFAATEKSNVVRGW,85,101,100%,42,2,1,0,0.05,0.01,0.14
531891,GIYFAATEKSNVVRG,86,100,100%,3,0,0,1,0.00,0.00,0.61
1087541,GVYFASTEKSNIIRGWIF,86,103,72.22%,20,0,0,1,0.00,0.00,0.13
1074069,YFASTEKSNIIRGWI,88,102,73.33%,1,0,0,1,0.00,0.00,0.94
1074883,FASTEKSNIIRGWIFGTTLDSKTQSLLIVNNATNVVIKVCEFQ,89,131,60.47%,4,1,1,0,0.25,0.01,0.74
1309654,AATEKSNVVRGWVFGSTM,90,107,100%,1,0,0,1,0.00,0.00,0.94
4941,ATEKSNVVRGWV,91,102,100%,8,8,1,0,1.00,0.69,1.00
530940,ATEKSNVVRGWVFGS,91,105,100%,3,0,0,1,0.00,0.00,0.61
63427,TEKSNVVRGWVFGSTMN,92,108,100%,42,0,0,1,0.00,0.00,0.07
1075071,TEKSNIIRGW,92,101,80%,36,5,1,0,0.14,0.06,0.26
33463,KSNVVRGWVFGSTMNNKSQS,94,113,100%,1,0,0,1,0.00,0.00,0.94
1070815,KSNIIRGWIFGTTLD,94,108,60%,1,0,0,1,0.00,0.00,0.94
1087596,KSNIIRGWIFGTTLDSKT,94,111,55.56%,20,0,0,1,0.00,0.00,0.13
533254,NVVRGWVFGSTMNNK,96,110,100%,3,0,0,1,0.00,0.00,0.61
100627,VRGWVFGSTMNNKSQSVI,98,115,100%,4,1,1,1,0.25,0.01,0.74
23296,GWVFGSTMNNKSQSVII,100,116,100%,42,9,1,0,0.21,0.12,0.34
73193,WVFGSTMNNKSQSVIIINNSTN,101,122,100%,32,0,0,2,0.00,0.00,0.09
534485,WVFGSTMNNKSQSVI,101,115,100%,3,0,0,1,0.00,0.00,0.61
1075116,WIFGTTLDSK,101,110,50%,36,1,1,0,0.03,0.00,0.12
1087553,IFGTTLDSKTQSLLIVNN,102,119,50%,20,0,0,1,0.00,0.00,0.13
534080,TMNNKSQSVIIINNS,106,120,100%,3,0,0,1,0.00,0.00,0.61
1075075,TLDSKTQSL,106,114,44.44%,48,2,1,1,0.04,0.01,0.12
1309982,TMNNKSQSVIIINNSTNV,106,123,100%,1,0,0,1,0.00,0.00,0.94
45151,NNKSQSVIIINNSTNVV,108,124,100%,42,8,1,0,0.19,0.10,0.31
1087599,KTQSLLIVNNATNVVIKV,110,127,61.11%,20,0,0,1,0.00,0.00,0.13
60561,SQSVIIINNSTNVVI,111,125,100%,48,0,0,2,0.00,0.00,0.06
1072027,QSLLIVNNATNVVIK,112,126,66.67%,1,0,0,1,0.00,0.00,0.94
1309991,VIIINNSTNVVIRACNF,114,130,100%,1,0,0,1,0.00,0.00,0.94
26610,IINNSTNVVIRACNFEL,116,132,100%,42,8,1,0,0.19,0.10,0.31
532206,IINNSTNVVIRACNF,116,130,100%,3,0,0,1,0.00,0.00,0.61
45253,NNSTNVVIRACNFELCDNPFFAVSK,118,142,100%,32,0,0,2,0.00,0.00,0.09
1071586,NNATNVVIKVCEFQF,118,132,60%,1,0,0,1,0.00,0.00,0.94
1087663,NNATNVVIKVCEFQFCND,118,135,55.56%,20,0,0,1,0.00,0.00,0.13
65479,TNVVIRACNFELCDNPF,121,137,100%,42,8,1,0,0.19,0.10,0.31
534088,TNVVIRACNFELCDN,121,135,100%,3,0,0,1,0.00,0.00,0.61
1309983,TNVVIRACNFELCDNPFF,121,138,100%,1,0,0,1,0.00,0.00,0.94
1073887,VIKVCEFQFCNDPFL,124,138,46.67%,1,0,0,1,0.00,0.00,0.94
533448,RACNFELCDNPFFAV,126,140,100%,3,0,0,1,0.00,0.00,0.61
1074963,KVCEFQFCNDPFLGVYYHKNNKSWMESEFRVYSSANNCTFEYV,126,164,30.23%,4,1,1,0,0.25,0.01,0.74
1087600,KVCEFQFCNDPFLGVYYH,126,140,33.33%,20,0,0,1,0.00,0.00,0.13
43825,NFELCDNPFFAVSKPMG,129,145,100%,42,4,1,0,0.10,0.03,0.20
1309885,NFELCDNPFFAVSKPM,129,144,100%,1,0,0,1,0.00,0.00,0.94
15582,FELCDNPFFAVSKPMGTQTHT,130,150,100%,1,1,1,0,1.00,0.04,1.00
531536,ELCDNPFFAVSKPMG,131,145,100%,3,0,0,1,0.00,0.00,0.61
1074884,FCNDPFLGVYY,132,140,36.36%,36,10,1,0,0.28,0.16,0.42
1087648,NDPFLGVYYHKNNKSWME,134,147,16.67%,20,0,0,1,0.00,0.00,0.13
100347,NPFFAVSKPMGTQTHTMI,135,152,100%,2,1,1,1,0.50,0.02,0.97
533278,PFFAVSKPMGTQTHT,136,150,100%,3,0,0,1,0.00,0.00,0.61
15783,FFAVSKPMGTQTHTMIF,137,153,100%,42,5,1,0,0.12,0.05,0.23
58919,SKPMGTQTHTMIFDN,141,155,100%,48,0,0,2,0.00,0.00,0.06
1087798,YHKNNKSWMESEFRVYSS,141,155,0%,20,0,0,1,0.00,0.00,0.13
48554,PMGTQTHTMIFDNAFNC,143,159,100%,42,3,1,0,0.07,0.02,0.17
1074961,KSWMESEFRVY,143,153,0%,36,5,1,0,0.14,0.06,0.26
1309918,PMGTQTHTMIFDNAF,143,157,100%,1,0,0,1,0.00,0.00,0.94
534146,TQTHTMIFDNAFNCT,146,160,100%,3,0,0,1,0.00,0.00,0.61
1087632,MESEFRVYSSANNCTFEY,146,163,38.89%,20,0,0,1,0.00,0.00,0.13
64085,THTMIFDNAFNCTFEYI,148,164,100%,4,1,1,1,0.25,0.01,0.74
41702,MIFDNAFNCTFEYIS,151,165,100%,48,0,0,2,0.00,0.00,0.06
1075111,VYSSANNCTFEY,152,163,58.33%,36,13,1,0,0.36,0.23,0.51
1087731,SSANNCTFEYVSQPFLMD,154,171,55.56%,20,0,0,1,0.00,0.00,0.13
43145,NAFNCTFEYISDAFSLD,155,171,100%,42,10,1,0,0.24,0.13,0.36
100316,NAFNCTFEYISDAFSLDV,155,172,100%,2,1,1,1,0.50,0.02,0.97
530745,AFNCTFEYISDAFSL,156,170,100%,3,0,0,1,0.00,0.00,0.61
99918,CTFEYISDAFSLD,159,171,100%,4,2,1,0,0.50,0.10,0.89
1074869,CTFEYVSQPFLM,159,170,58.33%,36,7,1,0,0.19,0.09,0.33
15772,FEYISDAFSLDVSEK,161,175,100%,48,0,0,2,0.00,0.00,0.06
1087507,EYVSQPFLMDLEGKQGNF,162,179,50%,20,0,0,1,0.00,0.00,0.13
74367,YISDAFSLDVSEKSGNF,163,179,100%,42,9,1,0,0.21,0.12,0.34
1310012,YISDAFSLDVSEKSGNFK,163,180,100%,1,0,0,1,0.00,0.00,0.94
99926,DAFSLDVSEKSGN,166,178,100%,4,3,1,0,0.75,0.25,0.99
530992,DAFSLDVSEKSGNFK,166,180,100%,3,0,0,1,0.00,0.00,0.61
1087631,MDLEGKQGNFKNLREFVF,170,187,66.67%,20,0,0,1,0.00,0.00,0.13
10721,DVSEKSGNFKHLREFVF,171,187,100%,42,18,1,0,0.43,0.30,0.56
10720,DVSEKSGNFKHLREF,171,185,100%,48,0,0,2,0.00,0.00,0.06
1309688,DVSEKSGNFKHLREFVFK,171,188,100%,1,0,0,1,0.00,0.00,0.94
12873,EKSGNFKHLREFVFKNKDGFLY,174,195,100%,1,0,0,1,0.00,0.00,0.94
1069822,GKQGNFKNLREFVFK,174,188,80%,1,0,0,1,0.00,0.00,0.94
33326,KSGNFKHLREFVFKNKDGFLYVYKGYQPIDV,175,205,100%,2,1,1,1,0.50,0.02,0.97
533700,SGNFKHLREFVFKNK,176,190,100%,3,0,0,1,0.00,0.00,0.61
1087652,NFKNLREFVFKNIDGYFK,178,195,72.22%,20,0,0,1,0.00,0.00,0.13
16376,FKHLREFVFKNKDGFLY,179,195,100%,42,21,1,0,0.50,0.36,0.63
1309716,FKHLREFVFKNKDGFLYV,179,196,100%,1,0,0,1,0.00,0.00,0.94
1070789,KNLREFVFKNIDGYF,180,194,73.33%,1,0,0,1,0.00,0.00,0.94
24291,HLREFVFKNKDGFLY,181,195,100%,48,0,0,2,0.00,0.00,0.06
1074900,FVFKNIDGY,185,193,77.78%,36,2,1,0,0.06,0.01,0.16
534253,VFKNKDGFLYVYKGY,186,200,100%,3,0,0,1,0.00,0.00,0.61
1087770,VFKNIDGYFKIYSKHTPI,186,203,50%,20,0,0,1,0.00,0.00,0.13
16417,FKNKDGFLYVYKGYQPI,187,203,100%,43,23,1,1,0.53,0.40,0.66
8385,DGFLYVYKGYQPIDV,191,205,100%,48,0,0,2,0.00,0.00,0.06
1087514,FKIYSKHTPINLVRDLPQ,194,211,44.44%,20,0,0,1,0.00,0.00,0.13
1309876,LYVYKGYQPIDVVRDL,194,209,100%,1,0,0,1,0.00,0.00,0.94
76446,YVYKGYQPIDVVRDLPS,195,211,100%,42,16,1,0,0.38,0.26,0.51
534465,VYKGYQPIDVVRDLP,196,210,100%,3,0,0,1,0.00,0.00,0.61
1074945,IYSKHTPINL,196,205,30%,36,8,1,0,0.22,0.11,0.36
74459,YKGYQPIDVVRDLPSGFNTL,197,216,100%,1,1,1,0,1.00,0.04,1.00
1072807,SKHTPINLVRDLPQG,198,212,53.33%,1,0,0,1,0.00,0.00,0.94
75528,YQPIDVVRDLPSGFNTL,200,216,100%,42,15,1,0,0.36,0.23,0.49
1310018,YQPIDVVRDLPSGFNTLK,200,217,100%,1,0,0,1,0.00,0.00,0.94
533407,QPIDVVRDLPSGFNT,201,215,100%,3,0,0,1,0.00,0.00,0.61
1075079,TPINLVRDL,201,209,66.67%,48,1,1,1,0.02,0.00,0.09
1087680,PINLVRDLPQGFSALEPL,202,219,61.11%,1,1,1,0,1.00,0.04,1.00
10779,DVVRDLPSGFNTLKPI,204,219,100%,2,1,1,1,0.50,0.02,0.97
1071585,NLVRDLPQGFSALEP,204,218,60%,1,0,0,1,0.00,0.00,0.94
534424,VRDLPSGFNTLKPIF,206,220,100%,3,0,0,1,0.00,0.00,0.61
9242,DLPSGFNTLKPIFKLPL,208,224,100%,43,16,1,1,0.37,0.25,0.50
117791,DLPSGFNTL,208,216,100%,1,0,0,1,0.00,0.00,0.94
1074981,LPQGFSAL,209,216,62.5%,36,3,1,0,0.08,0.02,0.20
1071794,PQGFSALEPLVDLPI,210,224,46.67%,1,0,0,1,0.00,0.00,0.94
1087686,PQGFSALEPLVDLPIGIN,210,227,55.56%,20,0,0,1,0.00,0.00,0.13
533696,SGFNTLKPIFKLPLG,211,225,100%,3,0,0,1,0.00,0.00,0.61
100561,TLKPIFKLPLGINITNFR,215,232,100%,2,1,1,1,0.50,0.02,0.97
36991,LKPIFKLPLGINITNFR,216,232,100%,42,10,1,0,0.24,0.13,0.36
36990,LKPIFKLPLGINITN,216,230,100%,3,0,0,1,0.00,0.00,0.61
1074967,LEPLVDLPI,216,224,44.44%,36,1,1,0,0.03,0.00,0.12
1087683,PLVDLPIGINITRFQTLL,218,235,55.56%,20,0,0,1,0.00,0.00,0.13
32082,KLPLGINITNFRAIL,221,235,100%,3,0,0,1,0.00,0.00,0.61
1074872,DLPIGINITRFQTL,221,234,57.14%,36,4,1,0,0.11,0.04,0.23
1309916,PLGINITNFRAILTAF,223,238,100%,1,0,0,1,0.00,0.00,0.94
36167,LGINITNFRAILTAFSP,224,240,100%,42,3,1,0,0.07,0.02,0.17
532245,INITNFRAILTAFSP,226,240,100%,3,0,0,1,0.00,0.00,0.61
1087562,INITRFQTLLALHRSYLT,226,238,33.33%,20,0,0,1,0.00,0.00,0.13
1310513,ITRFQTLLALHRSYL,228,238,26.67%,22,12,1,0,0.55,0.35,0.72
100567,TNFRAILTAFSPAQDIW,229,245,100%,4,2,1,1,0.50,0.10,0.89
17561,FRAILTAFSPAQDIW,231,245,100%,3,0,0,1,0.00,0.00,0.61
53116,RAILTAFSPAQDIWGTS,232,248,100%,42,7,1,0,0.17,0.08,0.28
1075077,TLLALHRSYLTPGDSSSGWTAGAAAYYVGYLQPRTFLLKYNEN,233,269,41.86%,4,2,1,0,0.50,0.10,0.89
1074974,LLALHRSYL,234,238,11.11%,36,4,1,0,0.11,0.04,0.23
1087612,LLALHRSYLTPGDSSSGW,234,245,11.11%,20,0,0,1,0.00,0.00,0.13
100541,TAFSPAQDIWGTSAAAYF,236,253,100%,2,1,1,1,0.50,0.02,0.97
533968,TAFSPAQDIWGTSAA,236,250,100%,3,0,0,1,0.00,0.00,0.61
59985,SPAQDIWGTSAAAYFVG,239,255,100%,42,6,1,0,0.14,0.06,0.26
1087626,LTPGDSSSGWTAGAAAYY,239,253,27.78%,20,0,0,1,0.00,0.00,0.13
530888,AQDIWGTSAAAYFVG,241,255,100%,3,0,0,1,0.00,0.00,0.61
1087542,GWTAGAAAYYVGYLQPRT,244,261,61.11%,20,0,0,1,0.00,0.00,0.13
1309789,IWGTSAAAYFVGYLK,244,258,100%,1,1,1,0,1.00,0.04,1.00
72519,WGTSAAAYFVGYLKPTT,245,261,100%,42,5,1,0,0.12,0.05,0.23
1075117,WTAGAAAYYVGY,245,256,66.67%,36,5,1,0,0.14,0.06,0.26
532051,GTSAAAYFVGYLKPT,246,260,100%,3,0,0,1,0.00,0.00,0.61
1309650,AAAYFVGYLKPTTFMLKY,249,266,100%,1,1,1,0,1.00,0.04,1.00
525,AAYFVGYLKPTTFMLKY,250,266,100%,42,4,1,0,0.10,0.03,0.20
5777,AYFVGYLKPTTFMLK,251,265,100%,3,0,0,1,0.00,0.00,0.61
1075131,YYVGYLQPRTFLL,252,264,69.23%,36,16,1,0,0.44,0.30,0.59
1087815,YYVGYLQPRTFLLKYNEN,252,269,72.22%,20,0,0,1,0.00,0.00,0.13
534533,YLKPTTFMLKYDENG,256,270,100%,3,0,0,1,0.00,0.00,0.61
1309147,YLQPRTFLL,256,264,66.67%,11,11,1,0,1.00,0.76,1.00
36997,LKPTTFMLKYDENGTI,257,272,100%,2,0,0,2,0.00,0.00,0.76
32912,KPTTFMLKYDENGTITD,258,274,100%,42,3,1,0,0.07,0.02,0.17
1072010,QPRTFLLKYNENGTI,258,272,73.33%,1,0,0,1,0.00,0.00,0.94
66612,TTFMLKYDENGTITDAVDCSQN,260,281,100%,32,0,0,2,0.00,0.00,0.09
1087714,RTFLLKYNENGTITDAVD,260,277,83.33%,20,0,0,1,0.00,0.00,0.13
534026,TFMLKYDENGTITDA,261,275,100%,3,0,0,1,0.00,0.00,0.61
41984,MLKYDENGTITDAVDCS,263,279,100%,42,5,1,0,0.12,0.05,0.23
41985,MLKYDENGTITDAVDCSQ,263,280,100%,2,0,0,2,0.00,0.00,0.76
1071263,LKYNENGTITDAVDC,264,278,93.33%,1,0,0,1,0.00,0.00,0.94
534492,YDENGTITDAVDCSQ,266,280,100%,3,0,0,1,0.00,0.00,0.61
1087498,ENGTITDAVDCALDPLSE,268,285,77.78%,20,0,0,1,0.00,0.00,0.13
64477,TITDAVDCSQNPLAELK,271,287,100%,44,21,1,2,0.48,0.34,0.60
534059,TITDAVDCSQNPLAE,271,285,100%,3,0,0,1,0.00,0.00,0.61
63120,TDAVDCSQNPLAELKCSVKSF,273,293,100%,1,1,1,0,1.00,0.04,1.00
534206,VDCSQNPLAELKCSV,276,290,100%,3,0,0,1,0.00,0.00,0.61
1087768,VDCALDPLSETKCTLKSF,276,293,61.11%,20,0,0,1,0.00,0.00,0.13
7729,DCSQNPLAELKCSVKSFEIDKG,277,298,100%,32,0,0,2,0.00,0.00,0.09
7064,CSQNPLAELKCSVKSFE,278,294,100%,42,33,1,0,0.79,0.65,0.88
7066,CSQNPLAELKCSVKSFEIDKGIYQTSNFRVVPSGD,278,312,100%,42,40,1,0,0.95,0.86,0.99
7065,CSQNPLAELKCSVKSFEI,278,295,100%,5,2,2,1,0.40,0.08,0.80
1074866,CALDPLSETK,278,287,50%,36,2,1,0,0.06,0.01,0.16
533166,NPLAELKCSVKSFEI,281,295,100%,3,0,0,1,0.00,0.00,0.61
1071785,PLSETKCTLKSFTVE,282,296,53.33%,1,0,0,1,0.00,0.00,0.94
1075045,SETKCTLKSFTVEK,284,297,50%,36,5,1,0,0.14,0.06,0.26
1087719,SETKCTLKSFTVEKGIYQ,284,301,61.11%,20,0,0,1,0.00,0.00,0.13
36815,LKCSVKSFEIDKGIYQT,286,302,100%,42,20,1,0,0.48,0.34,0.61
36814,LKCSVKSFEIDKGIY,286,300,100%,5,0,0,3,0.00,0.00,0.43
1069290,CTLKSFTVEKGIYQT,288,302,66.67%,1,0,0,1,0.00,0.00,0.94
33304,KSFEIDKGIYQTSNF,291,305,100%,48,0,0,2,0.00,0.00,0.06
33305,KSFEIDKGIYQTSNFRVV,291,308,100%,5,3,2,1,0.60,0.19,0.92
1087720,SFTVEKGIYQTSNFRVQP,292,309,77.78%,20,0,0,1,0.00,0.00,0.13
12417,EIDKGIYQTSNFRVVPS,294,310,100%,42,21,1,0,0.50,0.36,0.63
1073495,TVEKGIYQTSNFRVQ,294,308,73.33%,1,0,0,1,0.00,0.00,0.94
531153,DKGIYQTSNFRVVPS,296,310,100%,3,0,0,1,0.00,0.00,0.61
30987,KGIYQTSN,297,304,100%,4,2,1,0,0.50,0.10,0.89
30988,KGIYQTSNFRVVPSGDVVRF,297,316,100%,1,1,1,0,1.00,0.04,1.00
29666,IYQTSNFRVVPSGDVVRF,299,316,100%,3,1,1,2,0.33,0.01,0.85
1087812,YQTSNFRVQPTESIVRFP,300,317,72.22%,20,0,0,1,0.00,0.00,0.13
52623,QTSNFRVVPSGDVVRFPNITNL,301,322,100%,32,0,0,2,0.00,0.00,0.09
533441,QTSNFRVVPSGDVVR,301,315,100%,3,0,0,1,0.00,0.00,0.61
66337,TSNFRVVPSGDVVRFPN,302,318,100%,42,20,1,0,0.48,0.34,0.61
533600,RVVPSGDVVRFPNIT,306,320,100%,3,0,0,1,0.00,0.00,0.61
71794,VVPSGDVVRFPNITNL,307,322,100%,2,0,0,2,0.00,0.00,0.76
1075108,VQPTESIVRFPNITNLCPF,307,325,73.68%,36,9,1,0,0.25,0.14,0.39
1087696,QPTESIVRFPNITNLCPF,308,325,72.22%,20,0,0,1,0.00,0.00,0.13
58001,SGDVVRFPNITNLCPFG,310,326,100%,42,13,1,0,0.31,0.19,0.44
19176,GDVVRFPNITNLCPF,311,325,100%,48,0,0,2,0.00,0.00,0.06
71810,VVRFPNITNLCPFGEVF,313,329,100%,2,0,0,2,0.00,0.00,0.76
70719,VRFPNITNLCPFGEVFN,314,330,100%,42,10,1,0,0.24,0.13,0.36
70718,VRFPNITNL,314,322,100%,11,0,0,1,0.00,0.00,0.23
531734,FPNITNLCPFGEVFN,316,330,100%,3,0,0,1,0.00,0.00,0.61
1087518,FPNITNLCPFGEVFNATR,316,333,94.44%,20,0,0,1,0.00,0.00,0.13
65359,TNLCPFGEVFNATKFPSV,320,337,100%,2,0,0,2,0.00,0.00,0.76
44659,NLCPFGEVFNATKFP,321,335,100%,48,0,0,2,0.00,0.00,0.06
35083,LCPFGEVFNATKFPSVY,322,338,100%,42,11,1,0,0.26,0.15,0.39
47496,PFGEVFNATKFPSVYAWERKK,324,344,100%,32,0,0,2,0.00,0.00,0.09
1087675,PFGEVFNATRFASVYAWN,324,341,83.33%,20,0,0,1,0.00,0.00,0.13
15972,FGEVFNAT,325,332,100%,4,2,1,0,0.50,0.10,0.89
1074885,FGEVFNATRFASVY,325,338,85.71%,36,3,1,0,0.08,0.02,0.20
531840,GEVFNATKFPSVYAW,326,340,100%,3,0,0,1,0.00,0.00,0.61
68525,VFNATKFPSVYAWERKKI,328,345,100%,2,0,0,2,0.00,0.00,0.76
17132,FNATKFPSVYAWERKKI,329,345,100%,3,2,1,0,0.67,0.14,0.98
530946,ATKFPSVYAWERKKI,331,345,100%,3,0,0,1,0.00,0.00,0.61
64563,TKFPSVYAWERKKISNCVAD,332,351,100%,1,1,1,0,1.00,0.04,1.00
1087757,TRFASVYAWNRKRISNCV,332,349,77.78%,20,0,0,1,0.00,0.00,0.13
49557,PSVYAWERKKISNCVAD,335,351,100%,42,12,1,0,0.29,0.17,0.41
62403,SVYAWERKKISNCVADY,336,352,100%,3,1,1,2,0.33,0.01,0.85
533952,SVYAWERKKISNCVA,336,350,100%,3,0,0,1,0.00,0.00,0.61
118676,VYAWERKKISNCVADYSVLYNSTF,337,360,100%,1,1,1,0,1.00,0.04,1.00
1075118,YAWNRKRISNCVADYSVLYNSASFSTFKCYGVSPTKLNDLCFT,338,380,86.05%,4,2,1,0,0.50,0.10,0.89
1087794,WNRKRISNCVADYSVLYN,340,357,88.89%,20,0,0,1,0.00,0.00,0.13
531599,ERKKISNCVADYSVL,341,355,100%,3,0,0,1,0.00,0.00,0.61
31581,KKISNCVADYSVLYNST,343,359,100%,42,5,1,0,0.12,0.05,0.23
31582,KKISNCVADYSVLYNSTF,343,360,100%,5,1,1,2,0.20,0.01,0.64
1075029,RISNCVADY,344,352,88.89%,36,4,1,0,0.11,0.04,0.23
28618,ISNCVADYSVLYNSTFFSTFKC,345,366,100%,32,0,0,2,0.00,0.00,0.09
533779,SNCVADYSVLYNSTF,346,360,100%,3,0,0,1,0.00,0.00,0.61
1069291,CVADYSVLYNSASFS,348,362,86.67%,1,0,0,1,0.00,0.00,0.94
1087470,CVADYSVLYNSASFSTFK,348,365,88.89%,20,0,0,1,0.00,0.00,0.13
10966,DYSVLYNSTFFSTFKCY,351,367,100%,2,0,0,2,0.00,0.00,0.76
531376,DYSVLYNSTFFSTFK,351,365,100%,3,0,0,1,0.00,0.00,0.61
75920,YSVLYNSTFFSTFKCYG,352,368,100%,42,12,1,0,0.29,0.17,0.41
1075125,YSVLYNSASFSTFK,352,365,85.71%,36,5,1,0,0.14,0.06,0.26
1073903,VLYNSASFSTFKCYG,354,368,86.67%,1,0,0,1,0.00,0.00,0.94
534540,YNSTFFSTFKCYGVS,356,370,100%,3,0,0,1,0.00,0.00,0.61
1087806,YNSASFSTFKCYGVSPTK,356,373,83.33%,20,0,0,1,0.00,0.00,0.13
61598,STFFSTFKCYGVSATKL,358,374,100%,4,2,2,2,0.50,0.10,0.89
15903,FFSTFKCYGVSATKLND,360,376,100%,42,5,1,0,0.12,0.05,0.23
531773,FSTFKCYGVSATKLN,361,375,100%,3,0,0,1,0.00,0.00,0.61
181093,FKCYGVSATK,364,373,100%,1,0,0,1,0.00,0.00,0.94
1087513,FKCYGVSPTKLNDLCFTN,364,381,88.89%,20,0,0,1,0.00,0.00,0.13
30099,KCYGVSATKLNDLCFSNV,365,382,100%,2,0,0,2,0.00,0.00,0.76
30098,KCYGVSATKL,365,374,100%,4,3,3,1,0.75,0.25,0.99
7383,CYGVSATKLNDLCFSNV,366,382,100%,42,13,1,0,0.31,0.19,0.44
7382,CYGVSATKL,366,374,100%,3,3,3,0,1.00,0.37,1.00
181086,CYGVSATK,366,373,100%,1,0,0,1,0.00,0.00,0.94
530984,CYGVSATKLNDLCFS,366,380,100%,3,0,0,1,0.00,0.00,0.61
181163,YGVSATKL,367,374,100%,1,1,1,0,1.00,0.04,1.00
181160,VSATK,369,373,100%,1,0,0,1,0.00,0.00,0.94
181145,SATKL,370,374,100%,1,0,0,1,0.00,0.00,0.94
5019,ATKLNDLCFSNVYAD,371,385,100%,48,0,0,2,0.00,0.00,0.06
1073438,TKLNDLCFTNVYADS,372,386,93.33%,1,0,0,1,0.00,0.00,0.94
1087743,TKLNDLCFTNVYADSFVI,372,389,88.89%,20,0,0,1,0.00,0.00,0.13
32037,KLNDLCFSNVYADSFVV,373,389,100%,42,8,1,0,0.19,0.10,0.31
32038,KLNDLCFSNVYADSFVVK,373,390,100%,2,0,0,2,0.00,0.00,0.76
32036,KLNDLCFSNV,373,382,100%,4,0,0,1,0.00,0.00,0.51
1074951,KLNDLCFTNVYADSFVIR,373,390,83.33%,36,16,1,0,0.44,0.30,0.59
1125080,KLNDLCFTNV,373,382,90%,3,2,1,0,0.67,0.14,0.98
531169,DLCFSNVYADSFVVK,376,390,100%,3,0,0,1,0.00,0.00,0.61
1069287,CFTNVYADSFVIRGD,378,392,80%,1,0,0,1,0.00,0.00,0.94
118609,SNVYADSFVVKGDDVRQIAP,380,399,100%,1,1,1,0,1.00,0.04,1.00
1087748,TNVYADSFVIRGDEVRQI,380,397,77.78%,20,0,0,1,0.00,0.00,0.13
46522,NVYADSFVVKGDDVRQI,381,397,100%,43,13,1,1,0.30,0.19,0.43
46521,NVYADSFVVKGDDVR,381,395,100%,48,0,0,2,0.00,0.00,0.06
1309912,NVYADSFVVKGDDVRQIA,381,398,100%,1,0,0,1,0.00,0.00,0.94
1068879,ADSFVIRGDEVRQIA,384,398,80%,1,0,0,1,0.00,0.00,0.94
533692,SFVVKGDDVRQIAPG,386,400,100%,3,0,0,1,0.00,0.00,0.61
1087774,VIRGDEVRQIAPGQTGKI,388,405,77.78%,20,0,0,1,0.00,0.00,0.13
69223,VKGDDVRQIAPGQTGVI,389,405,100%,42,0,0,1,0.00,0.00,0.07
69224,VKGDDVRQIAPGQTGVIA,389,406,100%,2,0,0,2,0.00,0.00,0.76
531803,GDDVRQIAPGQTGVI,391,405,100%,3,0,0,1,0.00,0.00,0.61
1075039,RQIAPGQTGKIADYNYKL,395,412,94.44%,36,6,1,0,0.17,0.07,0.30
533362,QIAPGQTGVIADYNY,396,410,100%,3,0,0,1,0.00,0.00,0.61
1087691,QIAPGQTGKIADYNYKLP,396,413,94.44%,20,0,0,1,0.00,0.00,0.13
25378,IAPGQTGVIADYNYKLP,397,413,100%,42,10,1,0,0.24,0.13,0.36
25377,IAPGQTGVIADYNYKL,397,412,100%,2,0,0,2,0.00,0.00,0.76
533437,QTGVIADYNYKLPDD,401,415,100%,3,0,0,1,0.00,0.00,0.61
22995,GVIADYNYKLPDDFMGCV,403,420,100%,2,0,0,2,0.00,0.00,0.76
68899,VIADYNYKL,404,412,100%,1,0,0,1,0.00,0.00,0.94
1087572,KIADYNYKLPDDFTGCVI,404,421,83.33%,20,0,0,1,0.00,0.00,0.13
25250,IADYNYKLPDDFMGCVL,405,421,100%,42,5,1,0,0.12,0.05,0.23
530709,ADYNYKLPDDFMGCV,406,420,100%,3,0,0,1,0.00,0.00,0.61
1074214,YNYKLPDDFTGCVIA,408,422,86.67%,1,1,1,0,1.00,0.04,1.00
32070,KLPDDFMGCVLAWNTRN,411,427,100%,42,9,1,0,0.21,0.12,0.34
32071,KLPDDFMGCVLAWNTRNI,411,428,100%,2,0,0,2,0.00,0.00,0.76
32069,KLPDDFMGCV,411,420,100%,4,4,1,0,1.00,0.47,1.00
532488,KLPDDFMGCVLAWNT,411,425,100%,3,0,0,1,0.00,0.00,0.61
1074952,KLPDDFTGCV,411,420,90%,36,2,1,0,0.06,0.01,0.16
1074979,LPDDFTGCVIAWNSNNLDSKVGGNYNYLYRLFRKSNLKPFERD,412,454,62.79%,4,1,1,0,0.25,0.01,0.74
1087618,LPDDFTGCVIAWNSNNLD,412,429,72.22%,20,0,0,1,0.00,0.00,0.13
1069293,DDFTGCVIAWNSNNL,414,428,66.67%,1,1,1,0,1.00,0.04,1.00
531717,FMGCVLAWNTRNIDA,416,430,100%,3,0,0,1,0.00,0.00,0.61
7280,CVLAWNTRNIDATSTGN,419,435,100%,42,8,1,0,0.19,0.10,0.31
7281,CVLAWNTRNIDATSTGNY,419,436,100%,2,0,0,2,0.00,0.00,0.76
1087772,VIAWNSNNLDSKVGGNYN,420,437,55.56%,20,0,0,1,0.00,0.00,0.13
532652,LAWNTRNIDATSTGN,421,435,100%,3,0,0,1,0.00,0.00,0.61
46242,NTRNIDATSTGN,424,435,100%,8,8,1,0,1.00,0.69,1.00
533525,RNIDATSTGNYNYKY,426,440,100%,3,0,0,1,0.00,0.00,0.61
44198,NIDATSTGNYNYKYRYL,427,443,100%,42,11,1,0,0.26,0.15,0.39
44199,NIDATSTGNYNYKYRYLR,427,444,100%,3,1,1,2,0.33,0.01,0.85
1075002,NLDSKVGGNY,427,436,50%,18,4,1,0,0.22,0.08,0.43
1087604,LDSKVGGNYNYLYRLFRK,428,445,50%,20,0,0,1,0.00,0.00,0.13
1073698,VGGNYNYLYRLFRKS,432,446,53.33%,1,1,1,0,1.00,0.04,1.00
21552,GNYNYKYRYLRHGKL,434,448,100%,1,1,1,0,1.00,0.04,1.00
21553,GNYNYKYRYLRHGKLRPFER,434,453,100%,1,1,1,0,1.00,0.04,1.00
46681,NYNYKYRYLRHGKLRPF,435,451,100%,46,12,3,2,0.26,0.16,0.38
46680,NYNYKYRYLR,435,444,100%,3,2,2,1,0.67,0.14,0.98
1075012,NYNYLYRLFRK,435,445,63.64%,36,10,1,0,0.28,0.16,0.42
75237,YNYKYRYL,436,443,100%,2,2,2,0,1.00,0.22,1.00
75238,YNYKYRYLRHGKLRP,436,450,100%,4,1,1,1,0.25,0.01,0.74
75239,YNYKYRYLRHGKLRPFERDI,436,455,100%,1,1,1,0,1.00,0.04,1.00
187223,HNYKYRYL,436,443,87.5%,18,12,3,0,0.67,0.45,0.84
1087807,YNYLYRLFRKSNLKPFER,436,453,61.11%,20,0,0,1,0.00,0.00,0.13
46641,NYKYRYLRHGKLRPFERDISNVP,437,459,100%,1,1,1,0,1.00,0.04,1.00
1074201,YLYRLFRKSNLKPFE,438,452,53.33%,1,0,0,1,0.00,0.00,0.94
34589,KYRYLRHGKLRPFERD,439,454,100%,1,1,1,0,1.00,0.04,1.00
533613,RYLRHGKLRPFERDI,441,455,100%,3,0,0,1,0.00,0.00,0.61
1075031,RLFRKSNLK,441,449,33.33%,47,1,1,1,0.02,0.00,0.09
74895,YLRHGKLRPFERDISNV,442,458,100%,4,2,2,2,0.50,0.10,0.89
100664,YLRHGKLRPFERDISNVP,442,459,100%,4,2,1,0,0.50,0.10,0.89
39110,LRHGKLRPFERDISNVP,443,459,100%,3,2,1,0,0.67,0.14,0.98
1072366,RKSNLKPFERDISTE,444,458,60%,1,0,0,1,0.00,0.00,0.94
1087707,RKSNLKPFERDISTEIYQ,444,461,50%,20,0,0,1,0.00,0.00,0.13
531913,GKLRPFERDISNVPF,446,460,100%,3,0,0,1,0.00,0.00,0.61
32138,KLRPFERDI,447,455,100%,1,1,1,0,1.00,0.04,1.00
148529,KLRPFERDISNV,447,458,100%,1,1,1,0,1.00,0.04,1.00
55149,RPFERDISNVPFSPDGK,449,465,100%,44,11,1,2,0.25,0.15,0.37
55148,RPFERDISNV,449,458,100%,2,2,2,0,1.00,0.22,1.00
100481,RPFERDISNVPFS,449,461,100%,4,2,1,0,0.50,0.10,0.89
1074954,KPFERDISTEIY,449,460,58.33%,36,5,1,0,0.14,0.06,0.26
531682,FERDISNVPFSPDGK,451,465,100%,3,0,0,1,0.00,0.00,0.61
1087499,ERDISTEIYQAGSTPCNG,452,468,38.89%,20,0,0,1,0.00,0.00,0.13
59944,SNVPFSPDGKPCTPPAL,456,472,100%,44,11,1,2,0.25,0.15,0.37
533797,SNVPFSPDGKPCTPP,456,470,100%,3,0,0,1,0.00,0.00,0.61
47565,PFSPDGKPCTPP,459,470,100%,8,8,1,0,1.00,0.69,1.00
125415,FSPDGKPCTPPALNCYW,460,476,100%,1,1,1,0,1.00,0.04,1.00
1087808,YQAGSTPCNGVEGFNCYF,460,476,27.78%,20,0,0,1,0.00,0.00,0.13
60014,SPDGKPCTPPALNCYWP,461,477,100%,42,5,1,0,0.12,0.05,0.23
533809,SPDGKPCTPPALNCY,461,475,100%,3,0,0,1,0.00,0.00,0.61
1069064,AGSTPCNGVEGFNCY,462,475,33.33%,1,0,0,1,0.00,0.00,0.94
8422,DGKPCTPPALNCYWPL,463,478,100%,2,0,0,2,0.00,0.00,0.76
533269,PCTPPALNCYWPLND,466,480,100%,3,0,0,1,0.00,0.00,0.61
7193,CTPPALNCYWPLNDYGF,467,483,100%,42,8,1,0,0.19,0.10,0.31
1071575,NGVEGFNCYFPLQSY,468,481,40%,1,0,0,1,0.00,0.00,0.94
1075001,NGVEGFNCY,468,475,33.33%,36,2,1,0,0.06,0.01,0.16
1087656,NGVEGFNCYFPLQSYGFQ,468,484,44.44%,20,0,0,1,0.00,0.00,0.13
48747,PPALNCYWPLNDYGFY,469,484,100%,2,0,0,2,0.00,0.00,0.76
2769,ALNCYW,471,476,100%,4,1,1,0,0.25,0.01,0.74
2770,ALNCYWPLNDYGFYTTTGIGYQPYRVVVLSFEL,471,503,100%,42,30,1,0,0.71,0.58,0.82
530814,ALNCYWPLNDYGFYT,471,485,100%,3,0,0,1,0.00,0.00,0.61
558386,ALNCYWPLNDYGFYTTTGIGYQPYRVVVLSFEL,471,503,100%,1,1,1,0,1.00,0.04,1.00
1071518,NCYFPLQSYGFQPTN,473,487,60%,1,0,0,1,0.00,0.00,0.94
7452,CYWPLNDYGFYTTTGIG,474,490,100%,42,7,1,0,0.17,0.08,0.28
1075121,YFPLQSYGF,475,483,66.67%,36,3,1,0,0.08,0.02,0.20
1087797,YFPLQSYGFQPTNGVGYQ,475,492,61.11%,20,0,0,1,0.00,0.00,0.13
1310033,YWPLNDYGFYTTTGIGY,475,491,100%,1,0,0,1,0.00,0.00,0.94
72946,WPLNDYGFYTTTGIGY,476,491,100%,1,0,0,1,0.00,0.00,0.94
534482,WPLNDYGFYTTTGIG,476,490,100%,3,0,0,1,0.00,0.00,0.61
534510,YGFYTTTGIGYQPYR,481,495,100%,3,0,0,1,0.00,0.00,0.61
19657,GFYTTTGIGYQPYRVVV,482,498,100%,42,8,1,0,0.19,0.10,0.31
19658,GFYTTTGIGYQPYRVVVL,482,499,100%,2,0,0,2,0.00,0.00,0.76
1087346,FQPTNGVGY,483,491,55.56%,36,3,1,0,0.08,0.02,0.20
1087520,FQPTNGVGYQPYRVVVLS,483,500,77.78%,20,0,0,1,0.00,0.00,0.13
1075016,PTNGVGYQPYRVVVLSFELLHAPATVCGPKKSTNLVKNKCVNF,485,527,81.4%,4,2,1,0,0.50,0.10,0.89
125586,TTGIGYQ,486,492,100%,1,1,1,0,1.00,0.04,1.00
534159,TTGIGYQPYRVVVLS,486,500,100%,3,0,0,1,0.00,0.00,0.61
1087822,"T500, N501, G502",486,488,66.67%,1,1,1,0,1.00,0.04,1.00
23437,GYQPYRVVVLSFELLNA,490,506,100%,44,9,2,1,0.20,0.11,0.32
23438,GYQPYRVVVLSFELLNAPATV,490,510,100%,1,1,1,0,1.00,0.04,1.00
1074918,GYQPYRVVVLSF,490,501,100%,36,12,1,0,0.33,0.20,0.48
534576,YQPYRVVVLSFELLN,491,505,100%,3,0,0,1,0.00,0.00,0.61
1087809,YQPYRVVVLSFELLHAPA,491,508,94.44%,20,0,0,1,0.00,0.00,0.13
534462,VVVLSFELLNAPATV,496,510,100%,3,0,0,1,0.00,0.00,0.61
71751,VVLSFELLNAPATVCGPK,497,514,100%,2,1,1,1,0.50,0.02,0.97
1073956,VVLSFELLHAPATVC,497,511,93.33%,1,1,1,0,1.00,0.04,1.00
69760,VLSFELLNAPATVCGPK,498,514,100%,42,8,1,0,0.19,0.10,0.31
1087623,LSFELLHAPATVCGPKKS,499,516,88.89%,20,0,0,1,0.00,0.00,0.13
15585,FELLNAPATVCGPKL,501,515,100%,3,0,0,1,0.00,0.00,0.61
1071268,LLHAPATVCGPKKST,503,517,86.67%,1,1,1,0,1.00,0.04,1.00
43264,NAPATVCGPKLSTDLIK,505,521,100%,44,7,1,2,0.16,0.08,0.27
530841,APATVCGPKLSTDLI,506,520,100%,3,0,0,1,0.00,0.00,0.61
1071723,PATVCGPKKSTNLVKNKC,507,524,77.78%,26,1,1,1,0.04,0.00,0.16
67844,VCGPKLSTDLIKNQCV,510,525,100%,1,0,0,1,0.00,0.00,0.94
6332,CGPKLSTDLIKNQCVNF,511,527,100%,42,7,1,0,0.17,0.08,0.28
6333,CGPKLSTDLIKNQCVNFNFNGLTGTGVLTPSSKRFQPFQQFG,511,552,100%,42,40,1,0,0.95,0.86,0.99
6334,CGPKLSTDLIKNQCVNFNFNGLTGTGVLTPSSKRFQPFQQFGRDVSDFTD,511,560,100%,5,5,1,0,1.00,0.55,1.00
530979,CGPKLSTDLIKNQCV,511,525,100%,3,0,0,1,0.00,0.00,0.61
21675,GPKLSTDLIKNQCVNFNF,512,529,100%,2,2,2,0,1.00,0.22,1.00
1087354,GPKKSTNLV,512,520,66.67%,18,3,1,0,0.17,0.05,0.37
1070817,KSTNLVKNKCVNFNFNGL,515,532,77.78%,26,0,0,2,0.00,0.00,0.10
61554,STDLIKNQCVNFNFN,516,530,100%,3,1,1,0,0.33,0.01,0.85
36579,LIKNQCVNFNFNGLTGT,519,535,100%,42,3,1,0,0.07,0.02,0.17
26858,IKNQCVNFNFNGLTGTGV,520,537,100%,2,2,2,0,1.00,0.22,1.00
532514,KNQCVNFNFNGLTGT,521,535,100%,3,0,0,1,0.00,0.00,0.61
1070787,KNKCVNFNFNGLTGT,521,535,93.33%,1,1,1,0,1.00,0.04,1.00
1070539,KCVNFNFNGLTGTGVLTE,523,540,88.89%,26,0,0,2,0.00,0.00,0.10
7290,CVNFNFNGLTGTGVLT,524,539,100%,1,0,0,1,0.00,0.00,0.94
70066,VNFNFNGL,525,532,100%,22,19,5,0,0.86,0.68,0.96
533054,NFNFNGLTGTGVLTP,526,540,100%,3,0,0,1,0.00,0.00,0.61
1069550,FNFNGLTGTGVLTES,527,541,93.33%,1,0,0,1,0.00,0.00,0.94
43893,NFNGLTGTGVLTPSSKR,528,544,100%,42,29,1,0,0.69,0.55,0.80
43894,NFNGLTGTGVLTPSSKRF,528,545,100%,3,2,2,1,0.67,0.14,0.98
531934,GLTGTGVLTPSSKRF,531,545,100%,3,0,0,1,0.00,0.00,0.61
1069840,GLTGTGVLTESNKKFLPF,531,548,77.78%,26,0,0,2,0.00,0.00,0.10
1073424,TGTGVLTESNKKFLP,533,547,73.33%,1,0,0,1,0.00,0.00,0.94
23051,GVLTPSSKRFQPFQQFG,536,552,100%,43,35,2,0,0.81,0.69,0.90
23053,GVLTPSSKRFQPFQQFGRDVSDFTDSVRDPK,536,566,100%,42,35,1,0,0.83,0.71,0.92
23052,GVLTPSSKRFQPFQQFGR,536,553,100%,2,0,0,2,0.00,0.00,0.76
532068,GVLTPSSKRFQPFQQ,536,550,100%,3,0,0,1,0.00,0.00,0.61
1073900,VLTPSSKRFQPFQQFGRD,537,554,100%,6,6,1,0,1.00,0.61,1.00
65775,TPSSKRFQPFQQFGRDVSDFT,539,559,100%,1,1,1,0,1.00,0.04,1.00
1073280,TESNKKFLPFQQFGR,539,553,73.33%,1,0,0,1,0.00,0.00,0.94
1073281,TESNKKFLPFQQFGRDIA,539,556,66.67%,7,7,2,0,1.00,0.65,1.00
49506,PSSKRFQPFQQFGRDVSDFT,540,559,100%,10,9,1,0,0.90,0.60,0.99
49507,PSSKRFQPFQQFGRDVSDFTDSVRDPKTSE,540,569,100%,58,40,1,0,0.69,0.56,0.79
49505,PSSKRFQPFQQFGRD,540,554,100%,2,2,2,0,1.00,0.22,1.00
533900,SSKRFQPFQQFGRDV,541,555,100%,3,1,1,0,0.33,0.01,0.85
53766,RFQPFQQFGRDVSDFTD,544,560,100%,42,27,1,0,0.64,0.50,0.76
53765,RFQPFQQFGRDVSDF,544,558,100%,2,0,0,2,0.00,0.00,0.76
1069538,FLPFQQFGRDIADTT,545,559,73.33%,1,0,0,1,0.00,0.00,0.94
51831,QPFQQFGRDVSDFTDSVRDPKTSEILDISPCSFGGVSVITPGTNASSEVA,546,595,100%,1,1,1,0,1.00,0.04,1.00
533398,QPFQQFGRDVSDFTD,546,560,100%,3,0,0,1,0.00,0.00,0.61
1087676,PFQQFGRDIADTTDAVRD,547,564,77.78%,20,0,0,1,0.00,0.00,0.13
17524,FQQFGRDVSDFTDSVRDPKT,548,567,100%,2,2,2,0,1.00,0.22,1.00
52020,QQFGRD,549,554,100%,4,2,1,0,0.50,0.10,0.89
52022,QQFGRDVSDFTDSVRDPK,549,566,100%,2,0,0,2,0.00,0.00,0.76
52021,QQFGRDVSDF,549,558,100%,1,1,1,0,1.00,0.04,1.00
50767,QFGRDVSDFTDSVRDPK,550,566,100%,42,32,1,0,0.76,0.63,0.86
531690,FGRDVSDFTDSVRDP,551,565,100%,3,0,0,1,0.00,0.00,0.61
1069519,FGRDIADTTDAVRDP,551,565,73.33%,1,0,0,1,0.00,0.00,0.94
53435,RDVSDFTDSVRDPKTSEI,553,570,100%,1,1,1,0,1.00,0.04,1.00
70897,VSDFTDSV,555,562,100%,4,1,1,0,0.25,0.01,0.74
1087547,IADTTDAVRDPQTLEILD,555,572,66.67%,20,0,0,1,0.00,0.00,0.13
57196,SDFTDSVRDPKTS,556,568,100%,1,1,1,0,1.00,0.04,1.00
533654,SDFTDSVRDPKTSEI,556,570,100%,3,0,0,1,0.00,0.00,0.61
8324,DFTDSVRDPKTSEILDI,557,573,100%,2,0,0,2,0.00,0.00,0.76
1069350,DTTDAVRDPQTLEIL,557,571,73.33%,1,0,0,1,0.00,0.00,0.94
17929,FTDSVRDPKTSEILDIS,558,574,100%,42,33,1,0,0.79,0.65,0.88
533945,SVRDPKTSEILDISP,561,575,100%,3,0,0,1,0.00,0.00,0.61
1072118,RDPQTLEILDITPCS,563,577,80%,1,0,0,1,0.00,0.00,0.94
1087703,RDPQTLEILDITPCSFGG,563,580,83.33%,20,0,0,1,0.00,0.00,0.13
9662,DPKTSEILDISPCSFGGV,564,581,100%,2,1,1,1,0.50,0.02,0.97
48155,PKTSEILDISPCAFGGV,565,581,94.12%,42,33,1,0,0.79,0.65,0.88
532594,KTSEILDISPCSFGG,566,580,100%,3,0,0,1,0.00,0.00,0.61
66185,TSEILDISPCSFGGVS,567,582,100%,1,0,0,1,0.00,0.00,0.94
1069425,EILDITPCSFGGVSV,569,583,93.33%,1,0,0,1,0.00,0.00,0.94
1074876,EILDITPCSF,569,578,90%,36,3,1,0,0.08,0.02,0.20
532664,LDISPCSFGGVSVIT,571,585,100%,3,0,0,1,0.00,0.00,0.61
1087602,LDITPCSFGGVSVITPGT,571,588,94.44%,20,0,0,1,0.00,0.00,0.13
8783,DISPCSFGGVSVITPGTNA,572,590,100%,2,0,0,2,0.00,0.00,0.76
28643,ISPCAFGGVSVITPGTN,573,589,94.12%,42,23,1,0,0.55,0.41,0.67
47042,PCSFGGVSVITPGTNA,575,590,100%,1,0,0,1,0.00,0.00,0.94
47041,PCSFGGVSVITPGTN,575,589,100%,1,0,0,1,0.00,0.00,0.94
530983,CSFGGVSVITPGTNA,576,590,100%,3,0,0,1,0.00,0.00,0.61
1087529,GGVSVITPGTNTSNQVAV,579,596,83.33%,20,0,0,1,0.00,0.00,0.13
71189,VSVITPGTNASSEVAVL,581,597,100%,42,23,1,0,0.55,0.41,0.67
71190,VSVITPGTNASSEVAVLY,581,598,100%,2,0,0,2,0.00,0.00,0.76
71191,VSVITPGTNASSEVAVLYQDVNCTDVSTAIHADQLTPAWRIYSTGNNVFQ,581,630,100%,5,5,1,0,1.00,0.55,1.00
534439,VSVITPGTNASSEVA,581,595,100%,3,0,0,1,0.00,0.00,0.61
1073950,VSVITPGTNTSNQVA,581,595,80%,1,0,0,1,0.00,0.00,0.94
62176,SVITPGTNASSEVAVLYQDVNCT,582,604,100%,32,0,0,2,0.00,0.00,0.09
69129,VITPGTNASSEVAVLY,583,598,100%,1,1,1,0,1.00,0.04,1.00
533286,PGTNASSEVAVLYQD,586,600,100%,3,0,0,1,0.00,0.00,0.61
1070035,GTNTSNQVAVLYQDV,587,601,80%,1,0,0,1,0.00,0.00,0.94
1087539,GTNTSNQVAVLYQDVNCT,587,604,83.33%,20,0,0,1,0.00,0.00,0.13
43313,NASSEVAVLYQDVNCTD,589,605,100%,42,19,1,0,0.45,0.32,0.58
1309884,NASSEVAVLYQDVNCTDV,589,606,100%,1,0,0,1,0.00,0.00,0.94
1087414,TSNQVAVLY,590,598,66.67%,36,1,1,0,0.03,0.00,0.12
60978,SSEVAVLYQDVNCTDV,591,606,100%,1,1,1,0,1.00,0.04,1.00
533886,SSEVAVLYQDVNCTD,591,605,100%,3,0,0,1,0.00,0.00,0.61
1072037,QVAVLYQDVNCTEVP,593,607,80%,1,0,0,1,0.00,0.00,0.94
1087464,AVLYQDVNCTEVPVAIHA,595,612,83.33%,20,0,0,1,0.00,0.00,0.13
534310,VLYQDVNCTDVSTAI,596,610,100%,3,0,0,1,0.00,0.00,0.61
1075096,VLYQDVNCTEVPVAIHADQLTPTWRVYSTGSNVFQTRAGCLIG,596,638,83.72%,4,1,1,0,0.25,0.01,0.74
40905,LYQDVNCTDVSTAIHAD,597,613,100%,42,24,1,0,0.57,0.43,0.70
558455,LYQDVN,597,602,100%,24,24,1,0,1.00,0.88,1.00
558456,LYQDVNC,597,603,100%,24,24,1,0,1.00,0.88,1.00
558457,LYQDVNCT,597,604,100%,24,24,1,0,1.00,0.88,1.00
558458,LYQDVNCTDVSTAIHADQLTPAWRIYSTG,597,625,100%,6,6,1,0,1.00,0.61,1.00
1309875,LYQDVNCTDVSTAIHA,597,612,100%,1,0,0,1,0.00,0.00,0.94
50531,QDVNCTDVSTAIHADQLTPAWR,599,620,100%,32,26,2,0,0.81,0.66,0.91
50530,QDVNCTDVSTAIHADQ,599,614,100%,1,0,0,1,0.00,0.00,0.94
1071848,QDVNCTEVPVAIHAD,599,613,80%,1,0,0,1,0.00,0.00,0.94
70051,VNCTDVSTAIHADQLTPAWRIYSTGNNVFQTQAGCLIGAEHVDTSYECDI,601,650,100%,5,0,0,1,0.00,0.00,0.43
534312,VNCTDVSTAIHADQL,601,615,100%,3,0,0,1,0.00,0.00,0.61
7128,CTDVSTAIHADQLTPAW,603,619,100%,42,34,1,0,0.81,0.68,0.90
7129,CTDVSTAIHADQLTPAWRIYSTGNNVFQTQAG,603,634,100%,42,42,1,0,1.00,0.93,1.00
1087469,CTEVPVAIHADQLTPTWR,603,620,77.78%,20,0,0,1,0.00,0.00,0.13
1309680,CTDVSTAIHADQLTPAWR,603,620,100%,1,0,0,1,0.00,0.00,0.94
63266,TDVSTAIHADQLTPAWRIYSTG,604,625,100%,42,30,1,0,0.71,0.58,0.82
558510,TDVSTAIHADQLTPAWRIYSTG,604,625,100%,1,1,1,0,1.00,0.04,1.00
1069458,EVPVAIHADQLTPTW,605,619,73.33%,1,0,0,1,0.00,0.00,0.94
534438,VSTAIHADQLTPAWR,606,620,100%,3,0,0,1,0.00,0.00,0.61
61517,STAIHADQLTPAWRIYSTGNN,607,627,100%,1,1,1,0,1.00,0.04,1.00
61516,STAIHADQLTPAWRIY,607,622,100%,1,1,1,0,1.00,0.04,1.00
23520,HADQLTPAWRIYSTGNN,611,627,100%,42,25,1,0,0.60,0.46,0.72
532089,HADQLTPAWRIYSTG,611,625,100%,3,0,0,1,0.00,0.00,0.61
1070176,HADQLTPTWRVYSTG,611,625,86.67%,1,0,0,1,0.00,0.00,0.94
1087543,HADQLTPTWRVYSTGSNV,611,628,83.33%,20,0,0,1,0.00,0.00,0.13
1309768,HADQLTPAWRIYSTGNNV,611,628,100%,1,0,0,1,0.00,0.00,0.94
125356,ADQLTPAWR,612,620,100%,1,1,1,0,1.00,0.04,1.00
40075,LTPAWRIYSTGNNVFQ,615,630,100%,1,1,1,0,1.00,0.04,1.00
534092,TPAWRIYSTGNNVFQ,616,630,100%,3,0,0,1,0.00,0.00,0.61
1071818,PTWRVYSTGSNVFQT,617,631,80%,1,0,0,1,0.00,0.00,0.94
73036,WRIYSTGNNVFQTQAGC,619,635,100%,42,17,1,0,0.40,0.27,0.54
1087795,WRVYSTGSNVFQTRAGCL,619,636,83.33%,20,0,0,1,0.00,0.00,0.13
1310006,WRIYSTGNNVFQTQAGCL,619,636,100%,1,0,0,1,0.00,0.00,0.94
532330,IYSTGNNVFQTQAGC,621,635,100%,3,0,0,1,0.00,0.00,0.61
1075112,VYSTGSNVFQTR,621,632,75%,36,6,1,0,0.17,0.07,0.30
61631,STGNNVFQTQAGCLIG,623,638,100%,1,1,1,0,1.00,0.04,1.00
1072943,STGSNVFQTRAGCLI,623,637,86.67%,1,0,0,1,0.00,0.00,0.94
63904,TGNNVFQTQAGCLIGAEHVDTS,624,645,100%,32,0,0,2,0.00,0.00,0.09
533142,NNVFQTQAGCLIGAE,626,640,100%,3,0,0,1,0.00,0.00,0.61
46379,NVFQTQAGCLIGAEHVD,627,643,100%,42,8,1,0,0.19,0.10,0.31
1087671,NVFQTRAGCLIGAEHVNN,627,644,83.33%,20,0,0,1,0.00,0.00,0.13
1309911,NVFQTQAGCLIGAEHV,627,642,100%,1,0,0,1,0.00,0.00,0.94
65819,TQAGCLIGAEHVDTSY,631,646,100%,1,0,0,1,0.00,0.00,0.94
534137,TQAGCLIGAEHVDTS,631,645,100%,3,0,0,1,0.00,0.00,0.61
1460,AGCLIGAEHVDTSYECD,633,649,100%,42,20,1,0,0.48,0.34,0.61
100711,AGCLIGAEHVDTSYECDI,633,650,100%,2,1,1,1,0.50,0.02,0.97
1074840,AGCLIGAEHVNNSYECDIPIGAGICASYQTQTNSPRRARSVAS,633,671,67.44%,4,1,1,0,0.25,0.01,0.74
1087466,CLIGAEHVNNSYECDIPI,635,652,88.89%,20,0,0,1,0.00,0.00,0.13
532718,LIGAEHVDTSYECDI,636,650,100%,3,0,0,1,0.00,0.00,0.61
1074926,IGAEHVNNSY,637,646,80%,36,5,1,0,0.14,0.06,0.26
971,AEHVDTSYECDIPIGA,639,654,100%,1,1,1,0,1.00,0.04,1.00
25031,HVDTSYECDIPIGAGIC,641,657,100%,42,8,1,0,0.19,0.10,0.31
532152,HVDTSYECDIPIGAG,641,655,100%,3,0,0,1,0.00,0.00,0.61
1070256,HVNNSYECDIPIGAG,641,655,86.67%,1,0,0,1,0.00,0.00,0.94
1309774,HVDTSYECDIPIGAGICA,641,658,100%,1,1,1,0,1.00,0.04,1.00
1087664,NNSYECDIPIGAGICASY,643,660,88.89%,20,0,0,1,0.00,0.00,0.13
62530,SYECDIPIGAGICASYHTVSLLR,645,667,100%,32,0,0,2,0.00,0.00,0.09
534503,YECDIPIGAGICASY,646,660,100%,3,0,0,1,0.00,0.00,0.61
11235,ECDIPIGAGICASYHT,647,662,100%,1,0,0,1,0.00,0.00,0.94
1069378,ECDIPIGAGICASYQ,647,661,93.33%,1,0,0,1,0.00,0.00,0.94
6110,CDIPIGAGICASYHTVS,648,664,100%,42,12,1,0,0.29,0.17,0.41
100778,DIPIGAGICASYHTVSLL,649,666,100%,2,1,1,1,0.50,0.02,0.97
1087359,IPIGAGICASY,650,660,100%,36,4,1,0,0.11,0.04,0.23
533288,PIGAGICASYHTVSL,651,665,100%,3,0,0,1,0.00,0.00,0.61
1087678,PIGAGICASYQTQTNSPR,651,664,61.11%,20,0,0,1,0.00,0.00,0.13
18594,GAGICASY,653,660,100%,4,3,1,0,0.75,0.25,0.99
1069652,GAGICASYQTQTNSP,653,664,60%,1,0,0,1,0.00,0.00,0.94
20220,GICASYHTVSLLRSTSQK,655,672,100%,1,0,0,1,0.00,0.00,0.94
532174,ICASYHTVSLLRSTS,656,670,100%,3,0,0,1,0.00,0.00,0.61
6040,CASYHTVSLLRSTSQKS,657,673,100%,42,13,1,0,0.31,0.19,0.44
1309674,CASYHTVSLLRSTSQKSI,657,674,100%,1,0,0,1,0.00,0.00,0.94
1075070,SYQTQTNSPRRARSVA,659,670,31.25%,36,10,1,0,0.28,0.16,0.42
1087736,SYQTQTNSPRRARSVASQ,659,672,27.78%,20,0,0,1,0.00,0.00,0.13
532151,HTVSLLRSTSQKSIV,661,675,100%,3,0,0,1,0.00,0.00,0.61
37758,LLRSTSQKSIVAYTMSL,665,681,100%,44,14,3,0,0.32,0.20,0.45
37757,LLRSTSQK,665,672,100%,4,2,1,0,0.50,0.10,0.89
1087687,PRRARSVASQSIIAYTMS,665,680,50%,20,0,0,1,0.00,0.00,0.13
532851,LRSTSQKSIVAYTMS,666,680,100%,3,0,0,1,0.00,0.00,0.61
1074855,ARSVASQSIIAYTMSLGAENSVAYSNNSIAIPTNFTISVTTEI,666,708,69.77%,4,2,1,0,0.50,0.10,0.89
1075041,RSVASQSIIAYTMSL,667,681,66.67%,36,16,1,0,0.44,0.30,0.59
51251,QKSIVAYTMSLGADS,671,685,100%,3,0,0,1,0.00,0.00,0.61
1087730,SQSIIAYTMSLGAENSVA,671,688,66.67%,20,0,0,1,0.00,0.00,0.13
33358,KSIVAYTMSLGADSSIA,672,688,100%,42,10,1,0,0.24,0.13,0.36
100230,KSIVAYTMSLGADSSIAY,672,689,100%,4,1,1,1,0.25,0.01,0.74
58730,SIVAYTMSL,673,681,100%,1,1,1,0,1.00,0.04,1.00
1309137,SIIAYTMSL,673,681,88.89%,4,4,1,0,1.00,0.47,1.00
530975,AYTMSLGADSSIAYS,676,690,100%,3,0,0,1,0.00,0.00,0.61
1087640,MSLGAENSVAYSNNSIAI,679,696,77.78%,20,0,0,1,0.00,0.00,0.13
59120,SLGADSSIAYSNNTIAI,680,696,100%,43,9,1,1,0.21,0.11,0.33
532694,LGADSSIAYSNNTIA,681,695,100%,3,0,0,1,0.00,0.00,0.61
1074969,LGAENSVAYSNN,681,692,75%,36,7,1,0,0.19,0.09,0.33
58455,SIAYSNNTIAIPTNF,686,700,100%,3,0,0,1,0.00,0.00,0.61
1087766,VAYSNNSIAIPTNFTISV,687,704,77.78%,20,0,0,1,0.00,0.00,0.13
1309778,IAYSNNTIAIPTNFSISI,687,704,100%,1,0,0,1,0.00,0.00,0.94
5927,AYSNNTIAIPTNFSISI,688,704,100%,42,9,1,0,0.21,0.12,0.34
1074865,AYSNNSIAIPTNFTISV,688,704,82.35%,36,10,1,0,0.28,0.16,0.42
533138,NNTIAIPTNFSISIT,691,705,100%,3,0,0,1,0.00,0.00,0.61
2053,AIPTNFSISITTEVMPV,695,711,100%,43,7,1,1,0.16,0.08,0.28
1087456,AIPTNFTISVTTEILPVS,695,712,77.78%,20,0,0,1,0.00,0.00,0.13
532283,IPTNFSISITTEVMP,696,710,100%,3,0,0,1,0.00,0.00,0.61
43916,NFSISI,699,704,100%,4,3,1,0,0.75,0.25,0.99
1074898,FTISVTTEIL,700,709,60%,36,3,1,0,0.08,0.02,0.20
58704,SISITTEVMPVSMAK,701,715,100%,3,0,0,1,0.00,0.00,0.61
28548,ISITTEVMPVSMAKTSV,702,718,100%,4,3,1,1,0.75,0.25,0.99
1072965,SVTTEILPVSMTKTS,703,717,73.33%,1,0,0,1,0.00,0.00,0.94
1075068,SVTTEILPVSMTKTSVDCTMYICGDSTECSNLLLQYGSFCTQL,703,745,86.05%,4,2,1,0,0.50,0.10,0.89
1087735,SVTTEILPVSMTKTSVDC,703,720,77.78%,20,0,0,1,0.00,0.00,0.13
63581,TEVMPVSMAKTSVDC,706,720,100%,3,0,0,1,0.00,0.00,0.61
1087408,TEILPVSMTK,706,715,70%,18,3,1,0,0.17,0.05,0.37
1071314,LPVSMTKTSVDCTMY,709,723,80%,1,0,0,1,0.00,0.00,0.94
1309879,MPVSMAKTSVDCNMYI,709,724,100%,1,0,0,1,0.00,0.00,0.94
49968,PVSMAKTSVDCNMYICGDS,710,728,100%,42,7,1,0,0.17,0.08,0.28
534435,VSMAKTSVDCNMYIC,711,725,100%,3,0,0,1,0.00,0.00,0.61
1087786,VSMTKTSVDCTMYICGDS,711,728,88.89%,20,0,0,1,0.00,0.00,0.13
33874,KTSVDCNMYICGDSTEC,715,731,100%,42,9,1,0,0.21,0.12,0.34
1074962,KTSVDCTMYI,715,724,90%,36,2,1,0,0.06,0.01,0.16
1309827,KTSVDCNMYICGDSTECA,715,732,100%,1,0,0,1,0.00,0.00,0.94
534154,TSVDCNMYICGDSTE,716,730,100%,3,0,0,1,0.00,0.00,0.61
1087471,DCTMYICGDSTECSNLLL,719,736,88.89%,20,0,0,1,0.00,0.00,0.13
533126,NMYICGDSTECANLL,721,735,100%,3,0,0,1,0.00,0.00,0.61
74173,YICGDSTECANLLLQYG,723,739,100%,42,7,1,0,0.17,0.08,0.28
1310011,YICGDSTECANLLLQY,723,738,100%,1,0,0,1,0.00,0.00,0.94
531816,GDSTECANLLLQYGS,726,740,100%,3,0,0,1,0.00,0.00,0.61
1069347,DSTECSNLLLQYGSF,727,741,93.33%,1,0,0,1,0.00,0.00,0.94
1087489,DSTECSNLLLQYGSFCTQ,727,744,94.44%,20,0,0,1,0.00,0.00,0.13
63309,TECANLLLQYGSFCTQL,729,745,100%,45,10,2,1,0.22,0.12,0.34
6011,CANLLLQYGSFCTQLNRALSGIA,731,753,100%,1,1,1,0,1.00,0.04,1.00
530977,CANLLLQYGSFCTQL,731,745,100%,3,0,0,1,0.00,0.00,0.61
149392,NLLLQYGSFCTQLNRALSGIAAEQDRNTREVFAQVKQMYKTPTLKYFGGF,733,782,100%,15,0,0,1,0.00,0.00,0.17
1071580,NLLLQYGSFCTQLNR,733,747,100%,1,0,0,1,0.00,0.00,0.94
37724,LLQYGSFCT,735,743,100%,36,5,1,0,0.14,0.06,0.26
1087613,LLQYGSFCTQLNRALTGI,735,752,94.44%,20,0,0,1,0.00,0.00,0.13
39023,LQYGSFCTQLNRALSGI,736,752,100%,42,12,1,0,0.29,0.17,0.41
532844,LQYGSFCTQLNRALS,736,750,100%,3,0,0,1,0.00,0.00,0.61
1309869,LQYGSFCTQLNRALSGIA,736,753,100%,1,0,0,1,0.00,0.00,0.94
22321,GSFCTQLN,739,746,100%,4,1,1,0,0.25,0.01,0.74
1070003,GSFCTQLNRALTGIA,739,753,93.33%,1,0,0,1,0.00,0.00,0.94
22322,GSFCTQLNR,739,747,100%,36,2,1,0,0.06,0.01,0.16
531670,FCTQLNRALSGIAAE,741,755,100%,3,0,0,1,0.00,0.00,0.61
1087411,TQLNRALTGI,743,752,90%,36,2,1,0,0.06,0.01,0.16
1087754,TQLNRALTGIAVEQDKNT,743,760,83.33%,20,0,0,1,0.00,0.00,0.13
51456,QLNRALSGIAAEQDRNT,744,760,100%,42,11,1,0,0.26,0.15,0.39
1309932,QLNRALSGIAAEQDRNTR,744,761,100%,1,0,0,1,0.00,0.00,0.94
45653,NRALSGIAAEQDRNT,746,760,100%,3,0,0,1,0.00,0.00,0.61
531887,GIAAEQDRNTREVFA,751,765,100%,3,0,0,1,0.00,0.00,0.61
1087531,GIAVEQDKNTQEVFAQVK,751,768,83.33%,1,1,1,0,1.00,0.04,1.00
25219,IAAEQDRNTREVFAQVK,752,768,100%,43,11,1,1,0.26,0.15,0.38
533329,QDRNTREVFAQVKQM,756,770,100%,3,0,0,1,0.00,0.00,0.61
55077,RNTREVFAQVKQMYKTPTLKYFG,758,780,100%,1,1,1,0,1.00,0.04,1.00
46240,NTREVFAQVKQMYKTPT,759,775,100%,3,3,1,0,1.00,0.37,1.00
1087670,NTQEVFAQVKQIYKTPPI,759,776,77.78%,1,1,1,0,1.00,0.04,1.00
1309909,NTREVFAQVKQMYKTPTL,759,776,100%,1,0,0,1,0.00,0.00,0.94
533481,REVFAQVKQMYKTPT,761,775,100%,3,0,0,1,0.00,0.00,0.61
1075019,QEVFAQVKQIYK,761,772,83.33%,36,5,1,0,0.14,0.06,0.26
533446,QVKQMYKTPTLKYFG,766,780,100%,3,0,0,1,0.00,0.00,0.61
69299,VKQMYKTPTLKYFGGFN,767,783,100%,42,3,1,0,0.07,0.02,0.17
100612,VKQMYKTPTLKYFGGFNF,767,784,100%,4,2,1,1,0.50,0.10,0.89
1087780,VKQIYKTPPIKDFGGFNF,767,784,77.78%,59,2,1,0,0.03,0.01,0.12
1074959,KQIYKTPPIKDF,768,779,66.67%,36,4,1,0,0.11,0.04,0.23
534526,YKTPTLKYFGGFNFS,771,785,100%,3,0,0,1,0.00,0.00,0.61
64888,TLKYFGGFNFSQILPDP,775,791,100%,42,13,1,0,0.31,0.19,0.44
1087679,PIKDFGGFNFSQILPDPS,775,792,77.78%,1,1,1,0,1.00,0.04,1.00
1309979,TLKYFGGFNFSQILPDPL,775,792,100%,1,0,0,1,0.00,0.00,0.94
532741,LKYFGGFNFSQILPD,776,790,100%,3,0,0,1,0.00,0.00,0.61
1074948,KDFGGFNFSQILPDPSKPSKRSFIEDLLFNKVTLADAGFIKQY,777,819,90.7%,4,1,1,0,0.25,0.01,0.74
531852,GFNFSQILPDPLKPT,781,795,100%,3,0,0,1,0.00,0.00,0.61
43924,NFSQILPDPLKPTKRSF,783,799,100%,3,2,1,0,0.67,0.14,0.98
1071526,NFSQILPDPSKPSKRSFI,783,800,88.89%,26,0,0,2,0.00,0.00,0.10
1309886,NFSQILPDPLKPTKRSFI,783,800,100%,1,0,0,1,0.00,0.00,0.94
60464,SQILPDPLKPTKRSF,785,799,100%,1,0,0,1,0.00,0.00,0.94
51097,QILPDPLKPTKRSFIEDLLFNKVTLA,786,811,100%,40,23,1,0,0.58,0.43,0.70
533363,QILPDPLKPTKRSFI,786,800,100%,3,0,0,1,0.00,0.00,0.61
27241,ILPDPLKPT,787,795,100%,1,1,1,0,1.00,0.04,1.00
1074928,ILPDPSKPSK,787,796,80%,36,2,1,0,0.06,0.01,0.16
47157,PDPLKPTKR,789,797,100%,1,1,1,0,1.00,0.04,1.00
148531,PDPLKPTKRSF,789,799,100%,1,0,0,1,0.00,0.00,0.94
48383,PLKPTKRSFIEDLLFNK,791,807,100%,42,11,1,0,0.26,0.15,0.39
48382,PLKPTKRSFIEDLLF,791,805,100%,48,23,1,1,0.48,0.35,0.60
1071808,PSKPSKRSFIEDLLFNKV,791,808,88.89%,7,7,2,0,1.00,0.65,1.00
1309917,PLKPTKRSFIEDLLFNKV,791,808,100%,1,0,0,1,0.00,0.00,0.94
1070803,KPSKRSFIEDLLFNK,793,807,93.33%,1,0,0,1,0.00,0.00,0.94
1070805,KPTKRSFIEDLLFNKVTL,793,810,100%,6,6,1,0,1.00,0.61,1.00
532572,KRSFIEDLLFNKVTL,796,810,100%,3,0,0,1,0.00,0.00,0.61
149456,RSFIEDLLFNKVTLADAGFMKQYGECLGDINARDLICAQKFNGLTVLP,797,844,100%,4,4,1,0,1.00,0.47,1.00
16183,FIEDLLFNKVTLADAGF,799,815,100%,42,4,1,0,0.10,0.03,0.20
1069521,FIEDLLFNKVTLADA,799,813,100%,1,0,0,1,0.00,0.00,0.94
1069522,FIEDLLFNKVTLADAGFI,799,816,94.44%,26,0,0,2,0.00,0.00,0.10
1309715,FIEDLLFNKVTLADAGFM,799,816,100%,1,0,0,1,0.00,0.00,0.94
11384,EDLLFNKVTLADAGF,801,815,100%,3,0,0,1,0.00,0.00,0.61
37290,LLFNKVTLADAGFMKQYGECLGDINA,803,828,100%,15,13,1,0,0.87,0.64,0.97
37289,LLFNKVTLA,803,811,100%,18,7,1,0,0.39,0.20,0.60
1069551,FNKVTLADAGFIKQY,805,819,93.33%,1,0,0,1,0.00,0.00,0.94
533112,NKVTLADAGFMKQYG,806,820,100%,3,0,0,1,0.00,0.00,0.61
34217,KVTLADAGFMKQYGECL,807,823,100%,4,3,1,1,0.75,0.25,0.99
1070832,KVTLADAGFIKQYGDCLG,807,824,88.89%,26,0,0,2,0.00,0.00,0.10
615,ADAGFMKQYGECLGD,811,825,100%,48,0,0,2,0.00,0.00,0.06
1068878,ADAGFIKQYGDCLGD,811,825,86.67%,1,0,0,1,0.00,0.00,0.94
19585,GFMKQYGECLGDINARD,814,830,100%,42,12,1,0,0.29,0.17,0.41
100057,GFMKQYGECLGDINARDL,814,831,100%,4,1,1,1,0.25,0.01,0.74
1074907,GFIKQYGDCLGDIAARDLICAQKFNGLTVLPPLLTDEMIAQYT,814,856,88.37%,4,2,1,0,0.50,0.10,0.89
1069524,FIKQYGDCLGDIAARDLI,815,832,83.33%,26,0,0,2,0.00,0.00,0.10
532929,MKQYGECLGDINARD,816,830,100%,3,0,0,1,0.00,0.00,0.61
1070810,KQYGDCLGDIAARDL,817,831,86.67%,1,0,0,1,0.00,0.00,0.94
531423,ECLGDINARDLICAQ,821,835,100%,3,0,0,1,0.00,0.00,0.61
6562,CLGDINARDLICAQKFN,822,838,100%,3,1,1,0,0.33,0.01,0.85
1309678,CLGDINARDLICAQKF,822,837,100%,1,0,0,1,0.00,0.00,0.94
1071133,LGDIAARDLICAQKF,823,837,93.33%,1,0,0,1,0.00,0.00,0.94
1087608,LGDIAARDLICAQKFNGL,823,840,94.44%,20,0,0,1,0.00,0.00,0.13
532232,INARDLICAQKFNGL,826,840,100%,3,0,0,1,0.00,0.00,0.61
4129,ARDLICAQKFNGLTVLP,828,844,100%,3,1,1,0,0.33,0.01,0.85
1309666,ARDLICAQKFNGLTVL,828,843,100%,1,0,0,1,0.00,0.00,0.94
149453,RDLICAQKFNGLTVLPPLLTDDMIAAYTAALVSGTATAGWTFGAGAALQI,829,878,100%,15,0,0,1,0.00,0.00,0.17
1072117,RDLICAQKFNGLTVL,829,843,100%,1,0,0,1,0.00,0.00,0.94
532715,LICAQKFNGLTVLPP,831,845,100%,3,0,0,1,0.00,0.00,0.61
1087611,LICAQKFNGLTVLPPLLT,831,848,100%,20,0,0,1,0.00,0.00,0.13
3983,AQKFNGLTVLPPLLTDD,834,850,100%,42,4,1,0,0.10,0.03,0.20
99899,AQKFNGLTVLPPLLTDDM,834,851,100%,2,1,1,1,0.50,0.02,0.97
1071969,QKFNGLTVLPPLLTD,835,849,100%,1,0,0,1,0.00,0.00,0.94
532407,KFNGLTVLPPLLTDD,836,850,100%,3,0,0,1,0.00,0.00,0.61
1310415,FNGLTVLPPLLTDEM,837,851,93.33%,22,3,1,0,0.14,0.04,0.31
1087534,GLTVLPPLLTDEMIAQYT,839,856,88.89%,20,0,0,1,0.00,0.00,0.13
1125063,GLTVLPPLL,839,847,100%,3,1,1,0,0.33,0.01,0.85
534171,TVLPPLLTDDMIAAY,841,855,100%,3,0,0,1,0.00,0.00,0.61
1073496,TVLPPLLTDEMIAQY,841,855,86.67%,1,0,0,1,0.00,0.00,0.94
69699,VLPPLLTDDMIAAYTAA,842,858,100%,42,19,1,0,0.45,0.32,0.58
1075094,VLPPLLTDEMIAQYT,842,856,86.67%,36,7,1,0,0.19,0.09,0.33
1309992,VLPPLLTDDMIAAYTAAL,842,859,100%,1,0,0,1,0.00,0.00,0.94
532752,LLTDDMIAAYTAALV,846,860,100%,3,0,0,1,0.00,0.00,0.61
1071338,LTDEMIAQYTSALLA,847,861,66.67%,1,0,0,1,0.00,0.00,0.94
1087625,LTDEMIAQYTSALLAGTI,847,864,66.67%,20,0,0,1,0.00,0.00,0.13
1310623,LTDEMIAQY,847,855,77.78%,12,6,1,0,0.50,0.24,0.75
9365,DMIAAYTAALVSGTATA,850,866,100%,43,18,1,1,0.42,0.29,0.55
41683,MIAAYTAAL,851,859,100%,1,0,0,1,0.00,0.00,0.94
532926,MIAAYTAALVSGTAT,851,865,100%,3,0,0,1,0.00,0.00,0.61
1074998,MIAQYTSALLAGTITSGWTFGAGAALQIPFAMQMAYRFNGIGV,851,893,86.05%,4,2,1,0,0.50,0.10,0.89
1069137,AQYTSALLAGTITSG,853,867,60%,1,0,0,1,0.00,0.00,0.94
1087813,YTSALLAGTITSGWTFGA,855,872,72.22%,20,0,0,1,0.00,0.00,0.13
62793,TAALVSGTATAGWTF,856,870,100%,3,0,0,1,0.00,0.00,0.61
307,AALVSGTATAGWTFGAG,857,873,100%,42,18,1,0,0.43,0.30,0.56
1309653,AALVSGTATAGWTFGAGA,857,874,100%,1,0,0,1,0.00,0.00,0.94
1071265,LLAGTITSGWTFGAG,859,873,73.33%,1,0,0,1,0.00,0.00,0.94
533707,SGTATAGWTFGAGAA,861,875,100%,3,0,0,1,0.00,0.00,0.61
1074916,GTITSGWTF,862,870,77.78%,36,3,1,0,0.08,0.02,0.20
149489,TATAGWTFGAGAALQIPFAMQMAYRFNGIGVTQNVLYENQKQIANQFNKA,863,912,100%,15,0,0,1,0.00,0.00,0.17
1087741,TITSGWTFGAGAALQIPF,863,880,88.89%,20,0,0,1,0.00,0.00,0.13
62872,TAGWTFGAGAALQIPFA,865,881,100%,42,23,1,0,0.55,0.41,0.67
1073478,TSGWTFGAGAALQIP,865,879,93.33%,1,0,0,1,0.00,0.00,0.94
1309975,TAGWTFGAGAALQIPFAM,865,882,100%,1,1,1,0,1.00,0.04,1.00
530776,AGWTFGAGAALQIPF,866,880,100%,3,0,0,1,0.00,0.00,0.61
531783,GAGAALQIPFAMQMA,871,885,100%,4,0,0,2,0.00,0.00,0.51
1087523,GAGAALQIPFAMQMAYRF,871,888,100%,20,0,0,1,0.00,0.00,0.13
18515,GAALQIPFAMQMAYRFN,873,889,100%,42,20,1,0,0.48,0.34,0.61
100048,GAALQIPFAMQMAYRF,873,888,100%,2,1,1,1,0.50,0.02,0.97
532839,LQIPFAMQMAYRFNG,876,890,100%,3,0,0,1,0.00,0.00,0.61
1074986,LQIPFAMQMAY,876,886,100%,36,7,1,0,0.19,0.09,0.33
51112,QIPFAMQMAYRFNGI,877,891,100%,1,0,0,1,0.00,0.00,0.94
47479,PFAMQMAYRFNGIGVTQ,879,895,100%,42,24,1,0,0.57,0.43,0.70
1087673,PFAMQMAYRFNGIGVTQN,879,896,100%,20,0,0,1,0.00,0.00,0.13
1309913,PFAMQMAYRFNGIGV,879,893,100%,1,0,0,1,0.00,0.00,0.94
3176,AMQMAYRF,881,888,100%,4,2,1,0,0.50,0.10,0.89
530821,AMQMAYRFNGIGVTQ,881,895,100%,3,0,0,1,0.00,0.00,0.61
1071978,QMAYRFNGIGVTQNV,883,897,100%,1,0,0,1,0.00,0.00,0.94
41177,MAYRFNGIGVTQNVLYE,884,900,100%,42,24,1,0,0.57,0.43,0.70
100300,MAYRFNGIGVTQNVLY,884,899,100%,3,1,1,1,0.33,0.01,0.85
75600,YRFNGIGVTQNVLYENQKQIA,886,906,100%,31,0,0,1,0.00,0.00,0.09
534578,YRFNGIGVTQNVLYE,886,900,100%,3,0,0,1,0.00,0.00,0.61
1087704,RFNGIGVTQNVLYENQKL,887,904,94.44%,20,0,0,1,0.00,0.00,0.13
1074890,FNGIGVTQNVLYENQKLIANQFNSAIGKIQDSLSSTASALGKL,888,930,79.07%,4,1,1,0,0.25,0.01,0.74
1071538,NGIGVTQNVLYENQK,889,903,100%,1,0,0,1,0.00,0.00,0.94
20288,GIGVTQNVLYENQKQIA,890,906,100%,43,23,1,1,0.53,0.40,0.66
532203,IGVTQNVLYENQKQI,891,905,100%,3,0,0,1,0.00,0.00,0.61
65906,TQNVLYENQK,894,903,100%,18,3,1,0,0.17,0.05,0.37
1087694,QNVLYENQKLIANQFNSA,895,912,88.89%,20,0,0,1,0.00,0.00,0.13
533247,NVLYENQKQIANQFN,896,910,100%,3,0,0,1,0.00,0.00,0.61
69865,VLYENQKQIANQFNKAI,897,913,100%,43,20,1,1,0.47,0.33,0.59
73729,YENQKQIANQFNKA,899,912,100%,2,0,0,2,0.00,0.00,0.76
533186,NQKQIANQFNKAISQ,901,915,100%,3,0,0,1,0.00,0.00,0.61
1075005,NQKLIANQF,901,909,88.89%,36,6,1,0,0.17,0.07,0.30
1087576,KLIANQFNSAIGKIQDSL,903,920,72.22%,20,0,0,1,0.00,0.00,0.13
51043,QIANQFNKAISQIQESL,904,920,100%,43,5,1,1,0.12,0.05,0.22
3392,ANQFNKAISQIQESL,906,920,100%,3,0,0,1,0.00,0.00,0.61
1071651,NQFNSAIGKIQDSLS,907,921,66.67%,1,0,0,1,0.00,0.00,0.94
29832,KAISQIQESLTTTSTAL,911,927,100%,43,6,1,1,0.14,0.06,0.25
532337,KAISQIQESLTTTST,911,925,100%,3,0,0,1,0.00,0.00,0.61
1087717,SAIGKIQDSLSSTASALG,911,928,55.56%,20,0,0,1,0.00,0.00,0.13
1070353,IGKIQDSLSSTASAL,913,927,53.33%,1,0,0,1,0.00,0.00,0.94
532292,IQESLTTTSTALGKL,916,930,100%,3,0,0,1,0.00,0.00,0.61
14208,ESLTTTSTALGKLQDVV,918,934,100%,45,13,2,1,0.29,0.18,0.41
1072822,SLSSTASALGKLQDV,919,933,73.33%,1,0,0,1,0.00,0.00,0.94
1087725,SLSSTASALGKLQDVVNQ,919,936,77.78%,20,0,0,1,0.00,0.00,0.13
1074989,LSSTASALGK,920,929,60%,36,1,1,0,0.03,0.00,0.12
534163,TTTSTALGKLQDVVN,921,935,100%,3,0,0,1,0.00,0.00,0.61
1310821,SSTASALGK,921,929,55.56%,11,0,0,1,0.00,0.00,0.23
62908,TALGKLQDVVNQNAQAL,925,941,100%,43,8,1,1,0.19,0.09,0.31
530811,ALGKLQDVVNQNAQA,926,940,100%,3,0,0,1,0.00,0.00,0.61
1087609,LGKLQDVVNQNAQALNTL,927,944,100%,20,0,0,1,0.00,0.00,0.13
533333,QDVVNQNAQALNTLV,931,945,100%,3,0,0,1,0.00,0.00,0.61
10778,DVVNQNAQALNTLVKQL,932,948,100%,43,9,1,1,0.21,0.11,0.33
1087668,NQNAQALNTLVKQLSSNF,935,952,100%,20,0,0,1,0.00,0.00,0.13
533383,QNAQALNTLVKQLSS,936,950,100%,3,0,0,1,0.00,0.00,0.61
1074854,AQALNTLVKQL,938,948,100%,36,4,1,0,0.11,0.04,0.23
50311,QALNTLVKQLSSNFGAI,939,955,100%,45,17,2,1,0.38,0.26,0.50
2801,ALNTLVKQL,940,948,100%,1,1,1,0,1.00,0.04,1.00
38353,LNTLVKQLSSNFGAI,941,955,100%,3,0,0,1,0.00,0.00,0.61
1087745,TLVKQLSSNFGAISSVLN,943,960,100%,20,0,0,1,0.00,0.00,0.13
33032,KQLSSNFGAISSVLNDI,946,962,100%,3,1,1,0,0.33,0.01,0.85
532551,KQLSSNFGAISSVLN,946,960,100%,3,0,0,1,0.00,0.00,0.61
1309822,KQLSSNFGAISSVLNDIL,946,963,100%,1,0,0,1,0.00,0.00,0.94
533050,NFGAISSVLNDILSR,951,965,100%,3,0,0,1,0.00,0.00,0.61
1087650,NFGAISSVLNDILSRLDK,951,968,100%,20,0,0,1,0.00,0.00,0.13
2092,AISSVLNDILSRLDKVE,954,970,100%,42,11,1,0,0.26,0.15,0.39
1309661,AISSVLNDILSRLDKVEA,954,971,100%,1,1,1,0,1.00,0.04,1.00
533918,SSVLNDILSRLDKVE,956,970,100%,3,0,0,1,0.00,0.00,0.61
1075066,SVLNDILSRL,957,966,100%,36,2,1,0,0.06,0.01,0.16
62221,SVLNDILSR,957,965,100%,11,0,0,1,0.00,0.00,0.23
69657,VLNDILSRL,958,966,100%,6,6,2,0,1.00,0.61,1.00
1087615,LNDILSRLDKVEAEVQID,959,976,100%,20,0,0,1,0.00,0.00,0.13
531136,DILSRLDKVEAEVQI,961,975,100%,3,0,0,1,0.00,0.00,0.61
27357,ILSRLDKVEAEVQIDRL,962,978,100%,3,1,1,0,0.33,0.01,0.85
1074929,ILSRLDKVEAEVQIDRLITGRLQSLQTYVTQQLIRAAEIRASA,962,1004,100%,4,2,1,0,0.50,0.10,0.89
1309782,ILSRLDKVEAEVQIDRLI,962,979,100%,1,0,0,1,0.00,0.00,0.94
54507,RLDKVEAEV,965,973,100%,18,4,1,0,0.22,0.08,0.43
532666,LDKVEAEVQIDRLIT,966,980,100%,3,0,0,1,0.00,0.00,0.61
1087477,DKVEAEVQIDRLITGRLQ,967,984,100%,20,0,0,1,0.00,0.00,0.13
1075088,VEAEVQIDRLITGR,969,982,100%,18,6,1,0,0.33,0.16,0.54
11038,EAEVQIDRLITGRLQSL,970,986,100%,43,6,1,1,0.14,0.06,0.25
530739,AEVQIDRLITGRLQS,971,985,100%,3,0,0,1,0.00,0.00,0.61
1073938,VQIDRLITGRLQSLQ,973,987,100%,1,0,0,1,0.00,0.00,0.94
1087551,IDRLITGRLQSLQTYVTQ,975,992,100%,20,0,0,1,0.00,0.00,0.13
531282,DRLITGRLQSLQTYV,976,990,100%,3,0,0,1,0.00,0.00,0.61
54599,RLITGRLQSLQTYVTQQ,977,993,100%,42,19,1,0,0.45,0.32,0.58
1309940,RLITGRLQSLQTYVTQQL,977,994,100%,1,0,0,1,0.00,0.00,0.94
36724,LITGRLQSL,978,986,100%,5,4,4,1,0.80,0.34,0.99
36723,LITGRLAAL,978,987,77.78%,1,0,0,1,0.00,0.00,0.94
1074971,LITGRLQSLQTYV,978,990,100%,36,7,1,0,0.19,0.09,0.33
1070482,ITGRLQSLQTYVTQQ,979,993,100%,1,0,0,1,0.00,0.00,0.94
532005,GRLQSLQTYVTQQLI,981,995,100%,3,0,0,1,0.00,0.00,0.61
54725,RLQSLQTYV,982,990,100%,7,3,1,1,0.43,0.13,0.76
1087621,LQSLQTYVTQQLIRAAEI,983,1000,100%,20,0,0,1,0.00,0.00,0.13
59425,SLQTYVTQQLIRAAEIR,985,1001,100%,42,16,1,0,0.38,0.26,0.51
1309963,SLQTYVTQQLIRAAEIRA,985,1002,100%,1,0,0,1,0.00,0.00,0.94
39003,LQTYVTQQLIRAAEI,986,1000,100%,3,0,0,1,0.00,0.00,0.61
534141,TQQLIRAAEIRASAN,991,1005,100%,3,0,0,1,0.00,0.00,0.61
1087755,TQQLIRAAEIRASANLAA,991,1008,100%,20,0,0,1,0.00,0.00,0.13
51379,QLIRAAEIRASANLAAT,993,1009,100%,42,8,1,0,0.19,0.10,0.31
100428,QLIRAAEIRASANLAATK,993,1010,100%,3,2,2,0,0.67,0.14,0.98
533447,RAAEIRASANLAATK,996,1010,100%,3,0,0,1,0.00,0.00,0.61
1068860,AAEIRASANLAATKM,997,1011,100%,1,0,0,1,0.00,0.00,0.94
1074838,AEIRASANLAATK,998,1010,100%,36,9,1,0,0.25,0.14,0.39
1087496,EIRASANLAATKMSECVL,999,1016,100%,20,0,0,1,0.00,0.00,0.13
53202,RASANLAATKMSECVLG,1001,1017,100%,42,7,1,0,0.17,0.08,0.28
533455,RASANLAATKMSECV,1001,1015,100%,3,0,0,1,0.00,0.00,0.61
1309938,RASANLAATKMSECVL,1001,1016,100%,1,0,0,1,0.00,0.00,0.94
1072541,SANLAATKMSECVLG,1003,1017,100%,1,0,0,1,0.00,0.00,0.94
532630,LAATKMSECVLGQSK,1006,1020,100%,3,0,0,1,0.00,0.00,0.61
462,AATKMSECVLGQSKRVD,1007,1023,100%,42,13,1,0,0.31,0.19,0.44
1087452,AATKMSECVLGQSKRVDF,1007,1024,100%,21,0,0,2,0.00,0.00,0.13
1073439,TKMSECVLGQSKRVD,1009,1023,100%,1,0,0,1,0.00,0.00,0.94
532967,MSECVLGQSKRVDFC,1011,1025,100%,3,0,0,1,0.00,0.00,0.61
69513,VLGQSKRVDFCGKGYHL,1015,1031,100%,3,1,1,0,0.33,0.01,0.85
1087781,VLGQSKRVDFCGKGYHLM,1015,1032,100%,21,0,0,2,0.00,0.00,0.13
532707,LGQSKRVDFCGKGYH,1016,1030,100%,3,0,0,1,0.00,0.00,0.61
533592,RVDFCGKGYHLMSFP,1021,1035,100%,3,0,0,1,0.00,0.00,0.61
56252,RVDFCGKGY,1021,1029,100%,36,2,1,0,0.06,0.01,0.16
8239,DFCGKGYHLMSFPQAAP,1023,1039,100%,42,11,1,0,0.26,0.15,0.39
1087475,DFCGKGYHLMSFPQSAPH,1023,1040,94.44%,20,0,0,1,0.00,0.00,0.13
1309682,DFCGKGYHLMSFPQAAPH,1023,1040,100%,1,0,0,1,0.00,0.00,0.94
531905,GKGYHLMSFPQAAPH,1026,1040,100%,3,0,0,1,0.00,0.00,0.61
1075122,YHLMSFPQSA,1029,1038,90%,36,4,1,0,0.11,0.04,0.23
38118,LMSFPQAAPHGVVFLHV,1031,1047,100%,44,14,2,1,0.32,0.20,0.45
38117,LMSFPQAAPHGVVFL,1031,1045,100%,3,0,0,1,0.00,0.00,0.61
1087614,LMSFPQSAPHGVVFLHVT,1031,1048,94.44%,20,0,0,1,0.00,0.00,0.13
1072604,SFPQSAPHGVVFLHV,1033,1047,93.33%,1,1,1,0,1.00,0.04,1.00
1074891,FPQSAPHGVVF,1034,1044,90.91%,36,8,1,0,0.22,0.11,0.36
533309,QAAPHGVVFLHVTYV,1036,1050,100%,3,0,0,1,0.00,0.00,0.61
1075023,QSAPHGVVFLHVTYVPAQEKNFTTAPAICHDGKAHFPREGVFV,1036,1078,88.37%,4,1,1,0,0.25,0.01,0.74
1074847,APHGVVFLHVTYV,1038,1050,100%,36,19,1,0,0.53,0.38,0.67
1309665,APHGVVFLHVTYVPSQER,1038,1055,100%,1,0,0,1,0.00,0.00,0.94
47823,PHGVVFLHVTYVPSQER,1039,1055,100%,42,11,1,0,0.26,0.15,0.39
1071768,PHGVVFLHVTYVPAQ,1039,1053,93.33%,1,1,1,0,1.00,0.04,1.00
1087677,PHGVVFLHVTYVPAQEKN,1039,1056,88.89%,20,0,0,1,0.00,0.00,0.13
532075,GVVFLHVTYVPSQER,1041,1055,100%,3,0,0,1,0.00,0.00,0.61
71663,VVFLHVTYV,1042,1050,100%,5,1,1,1,0.20,0.01,0.64
532154,HVTYVPSQERNFTTA,1046,1060,100%,3,0,0,1,0.00,0.00,0.61
1074925,HVTYVPAQEKNF,1046,1057,83.33%,36,4,1,0,0.11,0.04,0.23
1309775,HVTYVPSQERNFTTAPAI,1046,1063,100%,1,0,0,1,0.00,0.00,0.94
71589,VTYVPSQERNFTTAPAI,1047,1063,100%,42,10,1,0,0.24,0.13,0.36
1087787,VTYVPAQEKNFTTAPAIC,1047,1064,88.89%,20,0,0,1,0.00,0.00,0.13
1310928,VTYVPAQEK,1047,1055,77.78%,11,0,0,1,0.00,0.00,0.23
533302,PSQERNFTTAPAICH,1051,1065,100%,3,0,0,1,0.00,0.00,0.61
79810,ERNFTTAPAICHEGKAYF,1054,1071,100%,2,1,1,1,0.50,0.02,0.97
54989,RNFTTAPAICHEGKAYF,1055,1071,100%,42,7,1,0,0.17,0.08,0.28
1087584,KNFTTAPAICHDGKAHFP,1055,1072,83.33%,20,0,0,1,0.00,0.00,0.13
533055,NFTTAPAICHEGKAY,1056,1070,100%,3,0,0,1,0.00,0.00,0.61
1069576,FTTAPAICHDGKAHF,1057,1071,86.67%,1,1,1,0,1.00,0.04,1.00
46822,PAICHEGKAYFPREGVFVFNGTSWFITQRNFFS,1061,1093,100%,15,12,1,0,0.80,0.56,0.94
533265,PAICHEGKAYFPREG,1061,1075,100%,3,0,0,1,0.00,0.00,0.61
1860,AICHEGKAYFPREGVFV,1062,1078,100%,42,0,0,1,0.00,0.00,0.07
1309660,AICHEGKAYFPREGVFVF,1062,1079,100%,1,0,0,1,0.00,0.00,0.94
1070308,ICHDGKAHFPREGVF,1063,1077,86.67%,1,0,0,1,0.00,0.00,0.94
1087550,ICHDGKAHFPREGVFVSN,1063,1080,83.33%,20,0,0,1,0.00,0.00,0.13
23685,HEGKAYFPREGV,1065,1076,100%,8,8,1,0,1.00,0.69,1.00
531489,EGKAYFPREGVFVFN,1066,1080,100%,3,0,0,1,0.00,0.00,0.61
5773,AYFPREGVFVFNGTSWF,1069,1085,100%,42,2,1,0,0.05,0.01,0.14
1069068,AHFPREGVFVSNGTH,1069,1083,80%,1,0,0,1,0.00,0.00,0.94
1310010,YFPREGVFVFNGTSWFI,1070,1086,100%,1,0,0,1,0.00,0.00,0.94
531740,FPREGVFVFNGTSWF,1071,1085,100%,3,0,0,1,0.00,0.00,0.61
1087519,FPREGVFVSNGTHWFVTQ,1071,1088,83.33%,20,0,0,1,0.00,0.00,0.13
1075025,REGVFVSNGTHW,1073,1084,83.33%,36,2,1,0,0.06,0.01,0.16
534260,VFVFNGTSWFITQRN,1076,1090,100%,3,0,0,1,0.00,0.00,0.61
18161,FVFNGTSWFITQRNFFS,1077,1093,100%,42,2,1,0,0.05,0.01,0.14
18160,FVFNGTSWFI,1077,1086,100%,4,0,0,1,0.00,0.00,0.51
1309720,FVFNGTSWFITQRNFF,1077,1092,100%,1,0,0,1,0.00,0.00,0.94
1087727,SNGTHWFVTQRNFYEPQI,1079,1096,72.22%,20,0,0,1,0.00,0.00,0.13
532052,GTSWFITQRNFFSPQ,1081,1095,100%,3,1,1,0,0.33,0.01,0.85
1074915,GTHWFVTQR,1081,1089,77.78%,36,2,1,0,0.06,0.01,0.16
62443,SWFITQRNFFSPQIITT,1083,1099,100%,42,0,0,1,0.00,0.00,0.07
100537,SWFITQRNFFSPQII,1083,1097,100%,5,3,2,1,0.60,0.19,0.92
532317,ITQRNFFSPQIITTD,1086,1100,100%,3,0,0,1,0.00,0.00,0.61
1073475,TQRNFYEPQIITTDN,1087,1101,86.67%,1,0,0,1,0.00,0.00,0.94
1087756,TQRNFYEPQIITTDNTFV,1087,1104,88.89%,20,0,0,1,0.00,0.00,0.13
1309935,QRNFFSPQIITTDNTFV,1088,1104,100%,1,0,0,1,0.00,0.00,0.94
43834,NFFSPQIITTDNTFVSG,1090,1106,100%,3,1,1,0,0.33,0.01,0.85
15899,FFSPQIITTDNTFVSGNCDVVIGIINNTVYDPLQPELDSF,1091,1130,100%,1,1,1,0,1.00,0.04,1.00
531683,FFSPQIITTDNTFVS,1091,1105,100%,3,0,0,1,0.00,0.00,0.61
1069445,EPQIITTDNTFVSGN,1093,1107,93.33%,1,0,0,1,0.00,0.00,0.94
149413,PQIITTDNTFVSGNCDVVIGIINNTVYDPLQPELDSFKEELDKYFKNH,1094,1141,100%,15,0,0,1,0.00,0.00,0.17
1087692,QIITTDNTFVSGNCDVVI,1095,1112,100%,21,0,0,2,0.00,0.00,0.13
532209,IITTDNTFVSGNCDV,1096,1110,100%,3,0,0,1,0.00,0.00,0.61
26710,IITTDNTFV,1096,1104,100%,18,1,1,0,0.06,0.00,0.23
29108,ITTDNTFVSGNCDVVIG,1097,1113,100%,3,1,1,0,0.33,0.01,0.85
1073276,TDNTFVSGNCDVVIG,1099,1113,100%,1,0,0,1,0.00,0.00,0.94
533229,NTFVSGNCDVVIGII,1101,1115,100%,3,0,0,1,0.00,0.00,0.61
79833,FVSGNCDVVIGIINNTVY,1103,1120,100%,2,1,1,1,0.50,0.02,0.97
1087522,FVSGNCDVVIGIVNNTVY,1103,1120,94.44%,20,0,0,1,0.00,0.00,0.13
58143,SGNCDVVIGIINNTVYD,1105,1121,100%,42,6,1,0,0.14,0.06,0.26
531938,GNCDVVIGIINNTVY,1106,1120,100%,3,0,0,1,0.00,0.00,0.61
68971,VIGIINNTVYDPLQPEL,1111,1127,100%,44,9,2,1,0.20,0.11,0.32
68972,VIGIINNTVYDPLQPELDSF,1111,1130,100%,2,2,2,0,1.00,0.22,1.00
534276,VIGIINNTVYDPLQP,1111,1125,100%,3,0,0,1,0.00,0.00,0.61
1087773,VIGIVNNTVYDPLQPELD,1111,1128,94.44%,20,0,0,1,0.00,0.00,0.13
533139,NNTVYDPLQPELDSF,1116,1130,100%,3,0,0,1,0.00,0.00,0.61
67220,TVYDPLQPELDSFKEEL,1118,1134,100%,43,2,1,1,0.05,0.01,0.13
1075085,TVYDPLQPELDSFK,1118,1131,100%,36,3,1,0,0.08,0.02,0.20
1087791,VYDPLQPELDSFKEELDK,1119,1136,100%,20,0,0,1,0.00,0.00,0.13
71996,VYDPLQPEL,1119,1127,100%,11,0,0,1,0.00,0.00,0.23
531242,DPLQPELDSFKEELD,1121,1135,100%,3,0,0,1,0.00,0.00,0.61
47341,PELDSFKEELDKYFKNH,1125,1141,100%,4,1,1,1,0.25,0.01,0.74
531537,ELDSFKEELDKYFKN,1126,1140,100%,3,0,0,1,0.00,0.00,0.61
1087603,LDSFKEELDKYFKNHTSP,1127,1144,100%,20,0,0,1,0.00,0.00,0.13
10113,DSFKEELDKYFKNHTSPDVDLGDISGINASVV,1128,1159,100%,2,1,1,1,0.50,0.02,0.97
10112,DSFKEELDKY,1128,1137,100%,36,1,1,0,0.03,0.00,0.12
16357,FKEELDKYFKNHTSPDVD,1130,1147,100%,32,0,0,2,0.00,0.00,0.09
532384,KEELDKYFKNHTSPD,1131,1145,100%,3,0,0,1,0.00,0.00,0.61
11740,EELDKYFKNHTSPDVDL,1132,1148,100%,4,1,1,1,0.25,0.01,0.74
9007,DKYFKNHTSPDVDLGD,1135,1150,100%,1,1,1,0,1.00,0.04,1.00
1087478,DKYFKNHTSPDVDLGDIS,1135,1152,100%,20,0,0,1,0.00,0.00,0.13
532627,KYFKNHTSPDVDLGD,1136,1150,100%,3,0,0,1,0.00,0.00,0.61
32508,KNHTSPDVDLGDISGIN,1139,1155,100%,42,4,1,0,0.10,0.03,0.20
1309802,KNHTSPDVDLGDISGINA,1139,1156,100%,1,0,0,1,0.00,0.00,0.94
532150,HTSPDVDLGDISGIN,1141,1155,100%,3,0,0,1,0.00,0.00,0.61
60024,SPDVDLGDISGINAS,1143,1157,100%,2,2,2,0,1.00,0.22,1.00
1087728,SPDVDLGDISGINASVVN,1143,1160,100%,20,0,0,1,0.00,0.00,0.13
534216,VDLGDISGINASVVN,1146,1160,100%,3,0,0,1,0.00,0.00,0.61
9094,DLGDISGINASVVNIQK,1147,1163,100%,43,6,1,1,0.14,0.06,0.25
1074871,DLGDISGINASVVNIQKEIDRLNEVAKNLNESLIDLQELGKYE,1147,1189,100%,4,1,1,0,0.25,0.01,0.74
28512,ISGINASVVNIQKEIDRLNE,1151,1170,100%,1,1,1,0,1.00,0.04,1.00
28513,ISGINASVVNIQKEIDRLNEVAKNLNESLIDLQELGKYEQYI,1151,1192,100%,1,1,1,0,1.00,0.04,1.00
28511,ISGINASVVNIQKEI,1151,1165,100%,3,0,0,1,0.00,0.00,0.61
1087565,ISGINASVVNIQKEIDRL,1151,1168,100%,20,0,0,1,0.00,0.00,0.13
1069816,GINASVVNIQKEIDR,1153,1167,100%,1,0,0,1,0.00,0.00,0.94
1309783,INASVVNIQKEIDRLNEV,1154,1171,100%,1,0,0,1,0.00,0.00,0.94
43316,NASVVNIQKEIDRLNEV,1155,1171,100%,42,0,0,1,0.00,0.00,0.07
530936,ASVVNIQKEIDRLNE,1156,1170,100%,3,0,0,1,0.00,0.00,0.61
71771,VVNIQKEIDRLNEV,1158,1171,100%,1,0,0,1,0.00,0.00,0.94
1073912,VNIQKEIDRLNEVAK,1159,1173,100%,1,0,0,1,0.00,0.00,0.94
1087783,VNIQKEIDRLNEVAKNLN,1159,1176,100%,20,0,0,1,0.00,0.00,0.13
532293,IQKEIDRLNEVAKNL,1161,1175,100%,3,0,0,1,0.00,0.00,0.61
1309929,QKEIDRLNEVAKNLNESL,1162,1179,100%,1,0,0,1,0.00,0.00,0.94
30435,KEIDRLNEVAKNLNESL,1163,1179,100%,3,1,1,0,0.33,0.01,0.85
1074949,KEIDRLNEV,1163,1171,100%,36,1,1,0,0.03,0.00,0.12
12426,EIDRLNEVAKNLNESLIDLQELGKYEQY,1164,1191,100%,42,28,1,0,0.67,0.53,0.78
558417,EIDRLNEVAKNLNESLIDLQELGKYEQY,1164,1191,100%,1,1,1,0,1.00,0.04,1.00
1070309,IDRLNEVAKNLNESL,1165,1179,100%,1,0,0,1,0.00,0.00,0.94
531283,DRLNEVAKNLNESLI,1166,1180,100%,3,0,0,1,0.00,0.00,0.61
54680,RLNEVAKNL,1167,1175,100%,67,14,4,1,0.21,0.13,0.32
1087708,RLNEVAKNLNESLIDLQE,1167,1184,100%,20,0,0,1,0.00,0.00,0.13
14626,EVAKNLNESLIDLQELG,1170,1186,100%,42,6,1,0,0.14,0.06,0.26
1309707,EVAKNLNESLIDLQELGK,1170,1187,100%,1,0,0,1,0.00,0.00,0.94
534192,VAKNLNESLIDLQEL,1171,1185,100%,4,0,0,2,0.00,0.00,0.51
44814,NLNESLIDL,1174,1182,100%,23,8,2,2,0.35,0.18,0.53
1087616,LNESLIDLQELGKYEQYI,1175,1192,100%,20,0,0,1,0.00,0.00,0.13
533047,NESLIDLQELGKYEQ,1176,1190,100%,3,0,0,1,0.00,0.00,0.61
1310658,NESLIDLQEL,1176,1185,100%,12,0,0,1,0.00,0.00,0.21
1069451,ESLIDLQELGKYEQY,1177,1191,100%,1,0,0,1,0.00,0.00,0.94
59162,SLIDLQELGKYEQYIKW,1178,1194,100%,79,4,2,1,0.05,0.02,0.12
1125138,SLIDLQEL,1178,1185,100%,3,0,0,1,0.00,0.00,0.61
36481,LIDLQELGKY,1179,1188,100%,18,0,0,1,0.00,0.00,0.15
531185,DLQELGKYEQYIKWP,1181,1195,100%,3,0,0,1,0.00,0.00,0.61
1071850,QELGKYEQYIKWPWY,1183,1197,100%,1,0,0,1,0.00,0.00,0.94
1087689,QELGKYEQYIKWPWYIWL,1183,1200,94.44%,20,0,0,1,0.00,0.00,0.13
1074877,ELGKYEQYIKWPWYIWLGFIAGLIAIVMVTIMLCCMTSCCSCL,1184,1226,95.35%,4,1,1,0,0.25,0.01,0.74
1309847,LGKYEQYIKWPWYVWLGF,1185,1202,100%,1,1,1,0,1.00,0.04,1.00
20730,GKYEQYIKWPWYVWLGF,1186,1202,100%,42,0,0,1,0.00,0.00,0.07
531927,GKYEQYIKWPWYVWL,1186,1200,100%,3,0,0,1,0.00,0.00,0.61
1075120,YEQYIKWPWYI,1188,1198,90.91%,36,17,1,0,0.47,0.33,0.61
1069449,EQYIKWPWYIWLGFI,1189,1203,93.33%,1,0,0,1,0.00,0.00,0.94
1310756,QYIKWPWYI,1190,1198,88.89%,16,1,1,0,0.06,0.00,0.25
534519,YIKWPWYVWLGFIAG,1191,1205,100%,3,0,0,1,0.00,0.00,0.61
1087799,YIKWPWYIWLGFIAGLIA,1191,1208,94.44%,20,0,0,1,0.00,0.00,0.13
1309828,KWPWYVWLGFIAGLIAIV,1193,1210,100%,1,0,0,1,0.00,0.00,0.94
50058,PWYVWLGFIAGLIAIVM,1195,1211,100%,42,4,1,0,0.10,0.03,0.20
1071825,PWYIWLGFIAGLIAI,1195,1209,93.33%,1,0,0,1,0.00,0.00,0.94
534487,WYVWLGFIAGLIAIV,1196,1210,100%,3,0,0,1,0.00,0.00,0.61
1087793,WLGFIAGLIAIVMVTIML,1199,1216,94.44%,20,0,0,1,0.00,0.00,0.13
531851,GFIAGLIAIVMVTIL,1201,1215,100%,3,0,0,1,0.00,0.00,0.61
1069699,GFIAGLIAIVMVTIM,1201,1215,93.33%,1,0,0,1,0.00,0.00,0.94
1309751,GFIAGLIAIVMVTILL,1201,1216,100%,1,0,0,1,0.00,0.00,0.94
16156,FIAGLIAIV,1202,1210,100%,71,31,8,1,0.44,0.33,0.55
25293,IAGLIAIVMVTILLCCM,1203,1219,100%,42,8,1,0,0.19,0.10,0.31
36458,LIAIVMVTILLCCMT,1206,1220,100%,3,0,0,1,0.00,0.00,0.61
1070307,IAIVMVTIMLCCMTS,1207,1221,93.33%,1,0,0,1,0.00,0.00,0.94
1087548,IAIVMVTIMLCCMTSCCS,1207,1224,94.44%,20,0,0,1,0.00,0.00,0.13
1309776,IAIVMVTILLCCMTSCCSCL,1207,1226,100%,1,0,0,1,0.00,0.00,0.94
42999,MVTILLCCMTSCCSCLK,1211,1227,100%,42,8,1,0,0.19,0.10,0.31
43000,MVTILLCCMTSCCSCLKGACSC,1211,1232,100%,32,0,0,2,0.00,0.00,0.09
532975,MVTILLCCMTSCCSC,1211,1225,100%,3,0,0,1,0.00,0.00,0.61
1073433,TIMLCCMTSCCSCLK,1213,1227,93.33%,1,0,0,1,0.00,0.00,0.94
1087637,MLCCMTSCCSCLKGCCSC,1215,1232,88.89%,20,0,0,1,0.00,0.00,0.13
532653,LCCMTSCCSCLKGAC,1216,1230,100%,3,0,0,1,0.00,0.00,0.61
1309675,CCMTSCCSCLKGACSCGS,1217,1234,100%,1,0,0,1,0.00,0.00,0.94
6669,CMTSCCSCLKGACSCGS,1218,1234,100%,42,0,0,1,0.00,0.00,0.07
6668,CMTSCCSCLK,1218,1227,100%,36,2,1,0,0.06,0.01,0.16
1071491,MTSCCSCLKGCCSCG,1219,1233,93.33%,1,0,0,1,0.00,0.00,0.94
533642,SCCSCLKGACSCGSC,1221,1235,100%,3,0,0,1,0.00,0.00,0.61
1087468,CSCLKGCCSCGSCCKFDE,1223,1240,94.44%,20,0,0,1,0.00,0.00,0.13
1069288,CLKGCCSCGSCCKFD,1225,1239,93.33%,1,0,0,1,0.00,0.00,0.94
1309679,CLKGACSCGSCCKFDEDD,1225,1242,100%,1,0,0,1,0.00,0.00,0.94
36856,LKGACSCGSCCKFDEDD,1226,1242,100%,42,6,1,0,0.14,0.06,0.26
532732,LKGACSCGSCCKFDE,1226,1240,100%,3,0,0,1,0.00,0.00,0.61
30895,KGACSCGSCCKFDEDDSEPVLK,1227,1248,100%,32,0,0,2,0.00,0.00,0.09
533643,SCGSCCKFDEDDSEP,1231,1245,100%,4,0,0,2,0.00,0.00,0.51
1087718,SCGSCCKFDEDDSEPVLK,1231,1248,100%,20,0,0,1,0.00,0.00,0.13
1309761,GSCCKFDEDDSEPVLKGV,1233,1250,100%,1,0,0,1,0.00,0.00,0.94
57068,SCCKFDEDDSEPVLKGVKLHYT,1234,1255,100%,32,0,0,2,0.00,0.00,0.09
6476,CKFDEDDSEPVLKGVKLHYT,1236,1255,100%,2,2,2,0,1.00,0.22,1.00
530980,CKFDEDDSEPVLKGV,1236,1250,100%,3,0,0,1,0.00,0.00,0.61
1070552,KFDEDDSEPVLKGVK,1237,1251,100%,1,0,0,1,0.00,0.00,0.94
7868,DDSEPVLKGVKLHYT,1241,1255,100%,46,3,1,2,0.07,0.02,0.16
1072563,SEPVLKGVKLHYT,1243,1255,100%,1,0,0,1,0.00,0.00,0.94
57592,SEPVLKGVKL,1243,1252,100%,48,2,1,1,0.04,0.01,0.12
1310371,EPVLKGVKL,1244,1252,100%,12,0,0,1,0.00,0.00,0.21
1310896,VLKGVKLHY,1246,1254,100%,12,0,0,1,0.00,0.00,0.21
